Area,Bedrooms,Bathrooms,Age,Location,Price,Lot Area,Overall Quality,Overall Condition,Garage Cars,Garage Area,Total Basement SF,Fireplaces,Neighborhood,House Style,Central Air,Kitchen Quality
901.0,5.0,5,39,Suburban,79.39,3294,4,2,0,0,332,0,Meadow Village,1Story,Yes,Po
3982.0,5.0,1,34,Urban,232.48,13594,5,5,2,634,1080,0,West Side,SLvl,No,TA
3445.0,4.0,2,47,Rural,76.95,25060,4,2,1,329,0,0,Greens,2Story,No,TA
2474.0,6.0,3,48,Suburban,109.85,10521,5,4,1,280,0,1,SW Ames,1Story,Yes,Fa
2448.0,1.0,4,35,Downtown,210.57,2971,7,5,1,423,0,1,Old Town,1Story,No,Gd
4363.0,6.0,1,18,Rural,138.46,21183,6,4,1,336,0,0,Veenker,SLvl,No,TA
886.0,6.0,3,30,Urban,90.29,1641,4,5,0,0,233,0,South Campus,SLvl,Yes,Fa
3638.0,4.0,1,21,Downtown,335.38,7129,7,6,2,736,1678,2,Central Business,SLvl,Yes,TA
1406.0,5.0,4,32,Urban,138.08,3940,5,5,2,731,530,0,West Side,SLvl,Yes,Po
923.0,4.0,4,41,Suburban,62.56,4194,2,6,0,0,426,0,NW Ames,1Story,Yes,Po
2869.0,2.0,3,18,Downtown,221.34,3074,7,4,2,724,1421,0,East End,2Story,No,Gd
4890.0,5.0,2,25,Urban,307.33,15000,7,6,2,895,1498,2,University Heights,2Story,No,TA
3810.0,2.0,1,2,Downtown,298.12,7331,7,8,1,501,1707,2,Central Business,2Story,Yes,TA
3925.0,2.0,5,37,Urban,280.77,8327,6,6,2,728,1047,1,Cedar Rapids,2Story,No,TA
3728.0,4.0,4,24,Urban,258.94,7710,6,6,3,1184,0,0,Oak Park,1Story,Yes,TA
4037.0,6.0,2,23,Suburban,219.32,12708,7,5,2,800,1852,0,Mitchell,SLvl,Yes,TA
2809.0,3.0,3,27,Urban,204.11,6411,6,5,0,0,1293,1,Iowa State Area,SLvl,Yes,TA
1076.0,3.0,4,10,Downtown,108.9,1723,5,6,1,331,512,1,Old Town,1.5Unf,Yes,Fa
4278.0,1.0,4,30,Suburban,203.56,16295,6,7,1,386,0,1,Mitchell,2Story,Yes,Fa
2526.0,1.0,3,38,Urban,141.33,5708,5,4,2,655,679,1,Oak Park,2Story,Yes,TA
2751.0,1.0,2,17,Suburban,91.77,11795,5,8,0,0,1148,0,SW Ames,1Story,Yes,Po
2168.0,1.0,4,6,Downtown,143.39,2594,6,7,1,343,0,1,Old Town,2Story,No,TA
1321.0,6.0,4,19,Downtown,148.26,1792,5,5,0,0,531,1,Old Town,1Story,Yes,Fa
4670.0,6.0,3,10,Urban,336.07,11167,7,6,3,1307,2107,1,College View,2Story,Yes,TA
4017.0,5.0,1,19,Urban,263.6,10236,6,4,2,987,0,1,Cedar Rapids,2Story,No,TA
3397.0,1.0,3,31,Urban,201.4,10612,6,3,1,426,1269,0,Iowa State Area,2Story,No,TA
2310.0,1.0,4,5,Suburban,138.18,7372,6,7,0,0,900,0,Sawyer,1Story,Yes,TA
4202.0,2.0,5,38,Urban,224.45,11135,6,5,2,850,1202,0,Iowa State Area,2Story,Yes,TA
2954.0,4.0,3,11,Suburban,154.48,12513,7,5,1,257,985,0,Mitchell,1Story,Yes,TA
2495.0,3.0,2,45,Suburban,117.25,6945,4,5,2,714,989,0,SW Ames,1Story,Yes,TA
2527.0,3.0,3,37,Downtown,187.77,4265,6,4,0,0,1113,0,Old Town,2Story,Yes,TA
1522.0,2.0,1,13,Suburban,75.06,4739,3,6,1,351,520,0,NW Ames,1Story,Yes,Po
914.0,5.0,1,28,Urban,69.34,1704,4,7,1,432,401,0,South Campus,SLvl,No,Fa
2995.0,2.0,4,5,Urban,228.79,10215,7,8,2,894,0,0,Oak Park,SLvl,Yes,Gd
4495.0,1.0,5,5,Downtown,327.68,8000,8,7,2,869,1487,1,Downtown Historic,1Story,No,TA
787.0,5.0,5,48,Suburban,76.73,3786,2,2,1,408,310,0,Meadow Village,1Story,No,Po
4362.0,6.0,3,40,Rural,143.27,23901,5,2,2,937,1479,0,North Ames,2Story,No,Po
4224.0,1.0,1,7,Downtown,339.09,4868,8,7,3,1105,1647,1,Central Business,2Story,Yes,Gd
1745.0,3.0,5,14,Suburban,103.69,7818,5,6,1,379,620,1,NW Ames,2Story,Yes,TA
3342.0,5.0,3,10,Suburban,177.02,12803,7,6,1,361,840,1,Mitchell,2Story,Yes,TA
1243.0,5.0,2,20,Urban,103.21,2441,4,6,2,877,585,1,Industrial District,2Story,Yes,Fa
3911.0,6.0,5,14,Suburban,215.76,15555,8,7,2,807,1669,0,Mitchell,1Story,Yes,Gd
3652.0,3.0,4,16,Suburban,185.75,10048,8,6,2,896,0,0,Mitchell,2Story,Yes,Gd
2095.0,3.0,4,26,Rural,68.21,16800,4,4,1,271,718,1,Edwards,SLvl,No,TA
805.0,5.0,2,9,Rural,44.62,4256,3,7,0,0,0,0,Bluestem,1Story,No,Fa
4868.0,1.0,5,45,Downtown,332.18,8000,8,5,2,817,0,2,Downtown Historic,2Story,Yes,Gd
2505.0,2.0,3,37,Urban,188.09,5750,7,3,2,663,0,0,Iowa State Area,SFoyer,Yes,TA
4519.0,4.0,3,38,Suburban,209.03,18272,6,6,1,436,1228,1,Mitchell,2Story,Yes,TA
3550.0,5.0,4,8,Downtown,366.79,5765,7,8,2,916,1252,1,Central Business,2Story,Yes,Gd
4002.0,1.0,4,36,Urban,229.45,8298,6,5,2,727,1050,2,Oak Park,2Story,No,TA
3919.0,4.0,1,42,Rural,121.11,32419,4,5,1,353,1754,1,Greens,2Story,Yes,TA
1375.0,3.0,2,8,Downtown,115.82,2563,4,7,2,642,447,0,Old Town,1.5Fin,No,TA
2137.0,4.0,2,38,Urban,136.64,7253,4,6,1,436,991,1,West Side,1Story,Yes,TA
2600.0,6.0,5,18,Suburban,160.02,13105,5,6,1,368,827,1,Sawyer,1Story,Yes,TA
2740.0,1.0,4,40,Urban,187.04,7662,6,4,2,808,858,1,Oak Park,1Story,Yes,TA
697.0,6.0,2,24,Urban,87.0,2344,4,6,0,0,0,0,East Urban,1Story,Yes,TA
2959.0,3.0,4,40,Rural,107.98,13528,6,3,0,0,0,1,Edwards,SFoyer,Yes,Fa
1194.0,5.0,4,7,Urban,130.57,2499,4,7,2,569,477,0,East Urban,1.5Unf,No,Fa
3845.0,3.0,2,19,Downtown,348.53,4220,8,7,2,819,1737,3,Downtown Historic,2Story,No,Ex
3573.0,2.0,3,13,Downtown,278.65,4972,7,7,2,727,998,1,Downtown Historic,2Story,Yes,TA
4651.0,5.0,5,12,Rural,197.44,27127,6,7,1,292,1787,0,Veenker,2Story,Yes,TA
3851.0,5.0,3,15,Urban,250.1,8568,7,4,2,721,0,1,Oak Park,2Story,Yes,TA
2149.0,1.0,1,19,Suburban,85.89,10454,3,5,1,404,1004,1,SW Ames,SLvl,Yes,Po
4853.0,5.0,4,6,Downtown,360.48,6914,8,8,2,660,1514,2,Central Business,2Story,Yes,Gd
2348.0,5.0,3,36,Urban,207.91,5263,6,5,1,345,647,0,West Side,2Story,Yes,TA
1966.0,3.0,3,28,Rural,73.06,12738,4,4,1,280,0,0,Edwards,1Story,No,TA
4574.0,6.0,4,42,Suburban,219.79,13881,6,6,2,1147,1568,2,Mitchell,1Story,Yes,Fa
2167.0,4.0,5,35,Rural,90.3,16403,6,3,0,0,935,1,Bluestem,SLvl,No,TA
843.0,3.0,2,7,Urban,82.77,1585,3,8,1,333,296,0,East Urban,1.5Unf,Yes,Po
2613.0,1.0,3,3,Suburban,150.13,13810,5,8,1,335,1007,0,Mitchell,SFoyer,Yes,TA
4080.0,5.0,1,21,Rural,111.23,30369,4,5,1,360,0,0,Greens,2Story,Yes,Fa
1352.0,2.0,4,24,Urban,96.75,2836,4,8,1,381,611,0,Industrial District,1Story,Yes,TA
2583.0,5.0,3,12,Urban,184.35,4545,6,5,1,284,1005,1,Oak Park,1Story,No,TA
1084.0,4.0,2,39,Rural,33.54,8265,3,5,2,789,0,0,Bluestem,1Story,No,Po
3589.0,3.0,4,29,Urban,254.68,10720,8,7,2,748,1021,2,West Side,2Story,Yes,Gd
2640.0,1.0,3,38,Suburban,110.92,12142,4,4,2,632,1006,0,SW Ames,1Story,Yes,TA
1985.0,5.0,3,5,Rural,87.61,14767,4,9,2,860,0,0,Brookside,1Story,No,Po
1521.0,1.0,3,41,Urban,108.64,2859,4,4,1,397,725,0,East Urban,SLvl,No,Fa
3040.0,3.0,2,10,Urban,192.01,7227,6,7,1,322,825,0,Oak Park,2Story,Yes,TA
3514.0,6.0,1,22,Downtown,286.2,4117,7,7,2,753,1543,1,Downtown Historic,1Story,No,Gd
4731.0,6.0,5,22,Urban,330.25,15000,7,6,3,1200,1768,1,University Heights,1Story,No,TA
2467.0,6.0,1,41,Urban,188.18,7008,4,5,1,480,0,0,Oak Park,SLvl,Yes,TA
1223.0,,2,14,Suburban,84.45,4330,5,7,0,0,431,1,Meadow Village,1.5Fin,Yes,Fa
4247.0,4.0,4,12,Urban,265.4,7905,8,5,2,692,0,0,University Heights,2Story,Yes,TA
3333.0,2.0,1,17,Suburban,165.27,11623,5,8,2,472,0,0,Sawyer,2Story,Yes,TA
3651.0,6.0,4,18,Urban,272.97,8467,7,5,2,970,1697,1,University Heights,2Story,Yes,TA
937.0,5.0,4,9,Urban,85.4,2836,4,8,0,0,437,0,South Campus,1Story,Yes,TA
1905.0,6.0,4,8,Urban,149.2,5459,6,8,2,654,561,1,Iowa State Area,1Story,Yes,Fa
3955.0,4.0,2,11,Suburban,222.38,19854,7,6,2,563,1402,1,Sawyer,2Story,Yes,TA
4245.0,1.0,1,23,Urban,249.11,10937,8,6,2,954,1401,1,West Side,2Story,Yes,TA
2458.0,4.0,5,17,Urban,171.35,4816,6,5,2,721,797,1,West Side,2Story,Yes,TA
4121.0,3.0,2,19,Rural,125.45,29653,5,6,1,339,0,0,Veenker,2Story,No,Po
4287.0,6.0,5,36,Suburban,221.39,20079,6,5,2,749,1443,0,Mitchell,SLvl,Yes,TA
2243.0,3.0,1,12,Urban,159.58,6128,5,8,0,0,1062,0,Oak Park,2Story,Yes,TA
4541.0,2.0,1,46,Rural,109.32,33776,4,5,2,576,0,0,Greens,1Story,No,Fa
1797.0,1.0,4,38,Urban,100.38,4698,5,6,1,238,784,1,East Urban,1.5Fin,Yes,TA
1578.0,6.0,5,8,Downtown,201.0,2523,6,6,1,431,446,1,Old Town,SLvl,Yes,TA
3571.0,5.0,5,16,Urban,253.74,8921,7,6,2,758,1614,1,Iowa State Area,1Story,Yes,Gd
3365.0,1.0,4,9,Downtown,279.26,3623,7,5,2,708,894,0,Central Business,1Story,No,TA
1128.0,3.0,2,13,Urban,79.4,2187,5,5,1,436,524,0,East Urban,1Story,No,TA
4247.0,3.0,5,18,Suburban,215.32,11652,8,7,1,606,1331,1,Mitchell,SLvl,No,Gd
1399.0,3.0,4,6,Downtown,164.52,2404,5,9,0,0,534,0,East End,SLvl,No,Fa
4122.0,6.0,1,0,Suburban,223.08,14411,6,6,3,1085,1271,1,Somerset,SLvl,Yes,TA
533.0,1.0,1,22,Rural,16.27,3377,3,5,0,0,0,0,Bluestem,SLvl,Yes,Fa
4085.0,2.0,5,35,Suburban,187.16,20728,6,5,1,543,1730,1,Sawyer,2Story,Yes,TA
4041.0,2.0,2,15,Suburban,168.2,13429,7,7,1,446,1387,1,Sawyer,SLvl,Yes,TA
4011.0,2.0,4,43,Suburban,178.09,15048,6,3,1,349,1548,0,Sawyer,2Story,Yes,TA
3491.0,6.0,1,18,Rural,134.92,25740,5,7,2,452,1562,0,Veenker,2Story,No,Po
2622.0,6.0,2,45,Urban,180.66,5638,6,3,1,430,1099,1,Oak Park,1Story,Yes,Fa
3673.0,1.0,2,12,Urban,198.17,6923,7,7,1,339,0,0,Oak Park,2Story,No,TA
1747.0,4.0,2,27,Suburban,90.18,5994,4,6,1,304,760,0,SW Ames,2Story,Yes,Fa
4013.0,2.0,4,38,Suburban,184.91,12396,6,5,1,285,1360,0,Somerset,1Story,Yes,TA
3000.0,2.0,5,3,Urban,198.84,10131,8,7,1,293,0,1,Oak Park,1Story,Yes,TA
2565.0,2.0,5,47,Suburban,126.67,12337,6,4,1,378,1008,0,NW Ames,1Story,Yes,TA
2775.0,2.0,4,18,Downtown,239.34,4759,8,6,2,954,957,2,East End,SLvl,Yes,TA
3059.0,3.0,2,25,Rural,105.03,24044,5,5,2,706,1116,1,Greens,SLvl,Yes,TA
667.0,6.0,5,32,Urban,107.37,2105,4,4,1,474,0,0,Industrial District,SLvl,Yes,TA
1129.0,4.0,3,32,,129.56,2344,4,7,1,259,0,1,South Campus,1Story,No,TA
1604.0,5.0,3,1,Downtown,162.89,3187,6,8,2,699,666,1,East End,1.5Fin,No,TA
1015.0,3.0,4,44,Urban,71.79,2734,3,3,0,0,0,0,East Urban,1Story,Yes,Po
2478.0,1.0,4,31,Urban,149.94,7838,6,6,0,0,763,1,West Side,1Story,Yes,TA
3507.0,1.0,5,50,Downtown,243.96,6982,6,3,2,632,1599,2,East End,2Story,No,TA
3444.0,2.0,3,24,Urban,187.64,7944,6,7,1,406,0,0,West Side,2Story,No,TA
2619.0,2.0,4,31,Urban,159.61,5088,6,6,1,290,713,1,Iowa State Area,2Story,Yes,TA
,6.0,4,22,Urban,285.83,6447,6,6,2,711,462,1,Cedar Rapids,1Story,Yes,TA
3043.0,6.0,2,45,Urban,192.54,7600,6,5,2,556,1348,0,Oak Park,2Story,No,TA
856.0,6.0,2,42,Urban,82.68,2723,2,2,1,444,391,0,East Urban,1Story,No,Po
3942.0,4.0,4,46,Urban,279.32,12836,7,3,2,511,1573,0,College View,1Story,Yes,Gd
3085.0,4.0,1,25,Downtown,251.87,3262,7,4,1,481,1031,0,Old Town,1Story,Yes,Gd
3356.0,4.0,2,40,Downtown,327.91,5324,8,5,2,947,1646,1,Central Business,2Story,Yes,Gd
3044.0,3.0,4,18,Urban,208.52,7551,6,8,1,302,0,0,Iowa State Area,SLvl,Yes,Fa
2991.0,5.0,5,23,Suburban,160.55,9723,6,8,1,379,915,0,Somerset,SFoyer,Yes,TA
907.0,5.0,3,38,Rural,43.49,4266,3,5,1,275,0,0,Brookside,SLvl,No,Po
3016.0,5.0,2,4,Rural,111.07,16944,6,8,1,390,875,1,North Ames,2Story,Yes,TA
4077.0,4.0,3,36,Suburban,201.48,21071,6,3,0,0,1981,0,Mitchell,2Story,Yes,Fa
1867.0,1.0,4,0,Suburban,119.33,6571,5,7,1,342,578,0,SW Ames,1.5Fin,Yes,TA
3212.0,5.0,3,29,Urban,201.73,8537,7,4,1,456,0,0,Iowa State Area,2Story,No,Gd
638.0,3.0,1,24,Suburban,43.17,2890,3,4,0,0,178,0,SW Ames,1Story,Yes,Po
2063.0,5.0,3,23,Suburban,121.64,7483,4,5,2,666,960,1,Meadow Village,1Story,Yes,Po
2465.0,4.0,3,25,Suburban,109.01,12929,5,5,0,0,1229,0,SW Ames,2Story,Yes,TA
4922.0,6.0,4,25,Rural,178.16,40568,7,3,1,356,0,1,North Ames,SLvl,No,TA
1465.0,3.0,5,20,Urban,135.71,3209,4,7,1,345,730,0,Iowa State Area,2Story,Yes,TA
1744.0,6.0,5,23,Suburban,108.77,6946,5,4,0,0,561,0,Meadow Village,2Story,Yes,TA
2338.0,6.0,4,28,Suburban,138.39,8090,5,6,1,237,762,0,Mitchell,1Story,Yes,TA
4966.0,2.0,2,38,Urban,236.2,11166,7,7,2,488,1243,0,Oak Park,2Story,No,TA
4340.0,3.0,3,28,Rural,117.13,18900,4,4,1,331,1993,0,North Ames,2Story,Yes,Fa
656.0,4.0,1,32,Downtown,80.34,1109,3,2,0,0,328,0,East End,1Story,No,Po
1552.0,5.0,5,42,Rural,62.33,9795,4,4,1,277,497,0,Bluestem,2Story,No,Po
4197.0,5.0,5,50,Suburban,183.4,11739,7,5,1,466,1221,0,Mitchell,1Story,No,TA
762.0,6.0,5,5,Downtown,143.56,1023,5,9,2,709,342,1,Old Town,1Story,Yes,Fa
4350.0,3.0,2,36,Suburban,184.76,22081,5,3,2,792,0,0,Somerset,2Story,No,TA
1766.0,4.0,2,11,Downtown,161.06,2299,7,7,1,473,0,0,Old Town,1Story,Yes,TA
4629.0,3.0,5,10,Suburban,243.59,14097,6,6,1,486,2177,0,Somerset,1Story,Yes,TA
1821.0,6.0,3,40,Suburban,96.23,7215,3,4,0,0,507,0,Meadow Village,SLvl,No,Fa
2454.0,2.0,4,3,Suburban,116.76,12962,6,9,2,897,0,0,NW Ames,1Story,Yes,TA
3478.0,4.0,3,43,Rural,111.96,18143,5,2,1,255,0,1,North Ames,2Story,Yes,Po
1068.0,1.0,3,39,Downtown,87.05,1875,3,4,1,378,382,1,Old Town,1Story,Yes,Po
3006.0,6.0,4,50,Urban,237.73,9267,7,4,2,726,1305,0,Iowa State Area,2Story,Yes,TA
2772.0,3.0,5,34,Urban,174.48,6004,6,6,0,0,1379,0,Oak Park,1Story,Yes,TA
4027.0,3.0,2,44,Downtown,325.38,7308,6,5,3,1298,1364,1,Central Business,SLvl,No,TA
4982.0,4.0,5,6,Urban,306.07,11925,7,8,2,714,1872,2,College View,1Story,No,TA
3489.0,3.0,2,45,Urban,245.26,9966,7,4,3,953,1508,1,Oak Park,1Story,No,Gd
2341.0,6.0,3,8,Urban,168.15,6692,6,7,1,344,0,0,Oak Park,1Story,Yes,TA
2328.0,4.0,5,16,Urban,202.43,6257,6,6,1,433,0,0,Iowa State Area,2Story,No,TA
2380.0,4.0,5,6,Rural,87.08,10899,6,8,1,350,0,1,Brookside,2Story,Yes,TA
4163.0,1.0,5,20,Urban,306.97,13371,7,6,2,731,0,2,Cedar Rapids,2Story,Yes,TA
1945.0,1.0,2,38,Rural,57.34,10789,3,5,2,873,0,0,Bluestem,1Story,Yes,Fa
1251.0,3.0,5,13,Urban,100.46,2598,4,6,2,816,0,1,South Campus,2Story,Yes,Po
2004.0,6.0,5,41,Urban,155.95,3650,5,6,2,458,701,1,Iowa State Area,1Story,Yes,TA
602.0,6.0,5,30,Suburban,73.83,2548,4,5,1,303,221,1,SW Ames,1Story,Yes,TA
977.0,4.0,1,32,Urban,84.17,2868,3,3,0,0,479,0,South Campus,1Story,Yes,Fa
905.0,4.0,4,47,Urban,78.76,1610,4,5,0,0,248,0,East Urban,1Story,Yes,Fa
3971.0,3.0,5,22,Suburban,195.73,15972,6,5,2,788,1049,1,Somerset,1Story,Yes,TA
3750.0,2.0,4,17,Urban,255.02,8049,8,6,1,252,1143,0,Iowa State Area,2Story,No,TA
3635.0,1.0,2,50,Urban,199.76,10465,6,3,2,549,1302,1,Oak Park,2Story,No,TA
2578.0,3.0,4,28,Suburban,113.7,8053,6,7,2,955,0,0,SW Ames,SLvl,Yes,Fa
3726.0,2.0,1,31,Urban,197.13,11026,6,3,1,219,1329,1,Oak Park,2Story,Yes,Fa
1225.0,2.0,3,15,Suburban,70.47,4519,4,9,2,719,403,0,NW Ames,SLvl,No,TA
,2.0,4,10,Urban,319.99,3389,7,9,2,973,395,1,Cedar Rapids,1Story,Yes,TA
2754.0,1.0,3,8,Rural,100.35,13157,5,7,1,344,1236,0,Bluestem,SLvl,No,TA
4721.0,4.0,4,11,Suburban,250.86,16841,7,7,1,471,1335,2,Mitchell,2Story,Yes,TA
1185.0,6.0,2,9,Rural,61.54,5542,4,7,1,368,573,0,Edwards,SLvl,No,Po
2737.0,5.0,4,38,Suburban,156.58,14013,6,5,1,315,0,1,Somerset,SFoyer,Yes,TA
3633.0,3.0,4,2,,286.63,11936,8,9,2,732,1346,2,College View,2Story,Yes,Gd
2730.0,3.0,4,32,Suburban,133.46,9135,5,6,2,888,1348,0,Mitchell,1Story,Yes,TA
2507.0,2.0,2,48,Urban,131.17,7283,6,4,2,797,0,1,Oak Park,1Story,Yes,TA
1247.0,1.0,2,39,Suburban,45.1,6028,3,4,0,0,565,1,Meadow Village,1Story,Yes,Po
2214.0,4.0,2,20,Suburban,120.89,9159,6,6,1,395,672,0,Meadow Village,2Story,Yes,Fa
1574.0,4.0,3,3,Urban,135.57,4213,5,7,2,607,553,0,Oak Park,2Story,Yes,Fa
1856.0,1.0,3,42,Rural,56.74,9680,3,5,0,0,0,0,Edwards,2Story,Yes,Fa
3576.0,3.0,2,0,Downtown,308.28,4104,7,9,1,397,1351,1,Downtown Historic,2Story,Yes,TA
3336.0,2.0,3,34,Suburban,154.33,16835,5,1,1,376,0,0,Mitchell,2Story,Yes,TA
3232.0,2.0,2,34,Suburban,150.65,16338,6,6,1,468,0,0,Sawyer,SLvl,Yes,TA
2128.0,5.0,2,9,Downtown,204.68,3649,6,7,1,302,727,0,East End,1Story,Yes,TA
4818.0,4.0,4,37,Suburban,236.83,17161,6,5,3,1470,1396,1,Mitchell,2Story,Yes,TA
894.0,4.0,5,8,Suburban,71.1,3208,3,6,1,448,0,0,SW Ames,SLvl,Yes,Po
2041.0,5.0,2,11,Downtown,205.6,3699,6,8,1,383,0,1,Old Town,SLvl,Yes,TA
1031.0,6.0,5,41,Suburban,88.06,5203,2,5,1,356,289,1,NW Ames,1Story,Yes,Fa
2025.0,5.0,3,49,Urban,134.62,6687,4,3,1,443,967,0,Iowa State Area,1Story,Yes,Fa
4828.0,4.0,1,13,Suburban,226.87,22858,7,7,2,811,1709,1,Somerset,2Story,Yes,TA
2148.0,6.0,2,46,Downtown,182.61,3703,6,3,2,873,859,1,East End,1Story,Yes,TA
4588.0,3.0,1,46,Rural,124.88,20891,5,2,2,582,1407,1,Greens,1Story,No,Fa
2727.0,6.0,1,39,Rural,82.89,13305,3,3,1,349,0,0,Brookside,2Story,Yes,Po
3648.0,5.0,2,7,Urban,282.24,12120,7,8,3,1239,0,0,University Heights,2Story,Yes,Gd
2558.0,4.0,3,15,Urban,201.89,7191,6,8,2,697,652,1,Iowa State Area,SFoyer,Yes,TA
1696.0,6.0,4,34,Suburban,115.27,4553,4,5,2,810,690,1,NW Ames,SLvl,Yes,Fa
3939.0,4.0,1,50,Suburban,209.56,11541,6,5,0,0,1880,1,Mitchell,2Story,Yes,TA
4861.0,5.0,5,41,Urban,310.55,14151,7,5,1,347,1303,2,College View,2Story,Yes,TA
1685.0,2.0,2,21,Urban,143.19,2964,5,5,1,381,0,0,Iowa State Area,1.5Fin,No,TA
4004.0,6.0,1,11,Downtown,331.95,4880,7,8,3,1062,0,2,Central Business,2Story,No,TA
,4.0,4,48,Rural,62.54,13009,3,4,1,388,575,0,Edwards,1Story,No,Fa
3726.0,5.0,4,14,Urban,250.75,11032,6,8,2,700,1297,0,Iowa State Area,2Story,Yes,TA
4050.0,3.0,4,17,Rural,135.79,28100,5,8,2,737,1598,1,North Ames,2Story,Yes,TA
2522.0,6.0,1,49,Urban,184.76,5403,5,5,2,575,0,0,West Side,1Story,Yes,TA
3816.0,1.0,1,28,Rural,105.31,27441,4,6,2,856,1033,0,Veenker,2Story,No,Po
1725.0,1.0,2,13,Downtown,158.93,2241,5,8,1,409,578,1,East End,1Story,Yes,TA
856.0,4.0,3,0,Downtown,120.74,1191,6,7,2,786,0,0,East End,1Story,Yes,Fa
933.0,5.0,5,21,Rural,54.52,6844,4,4,0,0,278,1,Edwards,1Story,Yes,Fa
2511.0,5.0,2,50,Rural,75.55,17397,3,3,0,0,1110,1,Bluestem,SLvl,Yes,Po
4561.0,3.0,1,22,Urban,285.11,14760,7,5,2,763,2015,1,University Heights,2Story,No,Gd
1074.0,4.0,5,35,Urban,98.01,3115,5,4,1,417,355,0,East Urban,SLvl,Yes,Fa
2550.0,4.0,1,12,Urban,163.27,6999,6,6,2,580,1239,0,West Side,1Story,Yes,TA
3668.0,6.0,1,39,Urban,220.89,7020,6,4,1,389,0,1,Oak Park,2Story,Yes,TA
1410.0,4.0,3,39,Urban,135.13,3375,4,4,2,743,479,0,Iowa State Area,1Story,No,Po
3747.0,3.0,3,31,Rural,113.6,19911,5,3,1,358,1414,0,Greens,2Story,Yes,TA
1876.0,6.0,4,39,Urban,131.17,4084,5,5,1,442,891,1,West Side,2Story,No,Fa
4138.0,1.0,5,29,Suburban,174.27,21717,7,5,1,437,0,0,Sawyer,2Story,Yes,Fa
3106.0,6.0,5,19,Downtown,294.49,4543,8,6,2,616,1158,1,Downtown Historic,1Story,No,TA
2961.0,1.0,2,37,Downtown,218.39,5882,7,6,2,795,0,0,East End,SLvl,No,TA
1295.0,2.0,5,42,Suburban,73.11,5619,3,5,1,337,0,0,Meadow Village,1Story,Yes,Fa
2584.0,5.0,4,42,Urban,196.18,8116,7,2,1,330,853,1,Iowa State Area,1Story,Yes,TA
4354.0,5.0,1,10,Suburban,199.14,17403,6,6,1,253,1339,0,Mitchell,2Story,Yes,TA
587.0,6.0,5,34,Downtown,114.46,972,6,4,1,402,152,0,East End,1.5Unf,Yes,Fa
3913.0,5.0,1,0,Rural,120.4,24529,5,6,1,412,0,1,Veenker,2Story,No,Fa
2717.0,4.0,3,29,Suburban,129.89,8638,6,6,2,798,715,1,NW Ames,SFoyer,Yes,TA
3737.0,3.0,4,29,Rural,108.33,27035,5,5,1,446,1683,1,Veenker,1Story,Yes,Fa
3484.0,1.0,2,18,Downtown,224.77,4685,6,6,3,844,0,1,East End,1Story,Yes,TA
2444.0,1.0,2,50,Urban,144.35,4381,5,1,2,793,865,0,Oak Park,1Story,Yes,TA
1889.0,2.0,3,45,Urban,122.47,5440,4,5,1,346,0,1,East Urban,1Story,No,Fa
3322.0,1.0,5,1,Suburban,179.1,10402,7,6,2,777,1009,1,Sawyer,2Story,Yes,TA
1131.0,,2,10,Urban,100.53,3841,4,7,2,727,332,0,South Campus,1Story,No,Po
3128.0,5.0,4,10,Downtown,309.25,6417,7,8,2,802,1494,2,Downtown Historic,2Story,No,Gd
926.0,6.0,3,45,Urban,76.34,3103,3,5,0,0,327,0,Industrial District,1Story,Yes,Po
3424.0,3.0,1,26,Urban,226.02,8210,7,4,1,402,0,1,Iowa State Area,2Story,Yes,Gd
3329.0,6.0,4,37,Urban,240.04,5916,8,1,2,662,1007,0,Iowa State Area,2Story,No,Gd
879.0,6.0,5,41,Urban,107.91,2966,4,4,1,430,355,0,Industrial District,1Story,Yes,Fa
3908.0,6.0,3,39,Urban,272.5,9767,6,7,1,319,1371,1,University Heights,2Story,Yes,TA
2371.0,3.0,1,4,Suburban,107.92,12403,5,9,1,367,1007,0,SW Ames,2Story,Yes,TA
4040.0,2.0,1,7,Urban,207.18,13883,7,7,1,310,1334,0,West Side,2Story,Yes,TA
,6.0,3,20,Urban,84.77,9728,4,5,0,0,535,1,Industrial District,1.5Fin,No,Fa
1307.0,2.0,3,17,Suburban,75.62,4500,4,7,2,570,636,1,SW Ames,SLvl,Yes,TA
2722.0,3.0,3,38,Suburban,138.38,10029,4,3,1,345,896,1,Mitchell,1Story,Yes,Po
1347.0,1.0,2,7,Urban,77.41,4364,4,7,0,0,504,1,East Urban,1Story,No,Fa
1984.0,5.0,3,18,Suburban,106.11,6950,5,7,1,359,899,0,SW Ames,2Story,Yes,TA
3472.0,4.0,2,12,Rural,106.81,17054,5,8,1,411,0,0,North Ames,2Story,Yes,Fa
1150.0,1.0,4,9,Suburban,63.12,4762,5,9,0,0,301,1,SW Ames,SLvl,Yes,Fa
3549.0,2.0,4,8,Rural,99.38,28860,5,7,1,476,0,0,Greens,1Story,Yes,TA
965.0,,4,9,Suburban,64.93,4354,3,6,1,384,0,0,Meadow Village,1.5Unf,Yes,Po
1288.0,4.0,1,28,Downtown,109.55,2123,4,5,1,223,396,0,East End,1Story,Yes,TA
3144.0,5.0,5,20,Urban,232.45,6037,7,4,2,732,0,2,Iowa State Area,2Story,Yes,TA
4070.0,2.0,1,22,Suburban,157.53,17484,6,5,1,235,1783,0,Mitchell,2Story,Yes,TA
1267.0,6.0,5,24,Rural,64.95,10590,3,5,2,798,458,1,Brookside,2Story,Yes,Po
1849.0,3.0,1,37,Urban,126.71,3689,5,4,2,594,841,1,South Campus,SLvl,No,TA
4663.0,5.0,3,43,Downtown,320.63,7434,7,5,3,1776,1796,2,Central Business,1Story,Yes,TA
4953.0,,1,26,Suburban,209.84,24734,6,5,1,328,2108,1,Sawyer,2Story,No,TA
3114.0,1.0,1,32,Downtown,236.79,5692,7,7,3,1065,0,1,East End,2Story,No,Gd
2511.0,1.0,4,37,Suburban,107.83,11335,5,4,1,277,879,0,SW Ames,SLvl,Yes,TA
2060.0,3.0,4,35,Suburban,100.22,9329,3,5,1,426,0,0,SW Ames,1Story,Yes,TA
3256.0,6.0,1,6,Suburban,194.46,11774,7,7,0,0,1057,1,Somerset,1Story,Yes,TA
3159.0,1.0,5,50,Rural,89.62,17163,6,3,0,0,1455,0,Greens,2Story,No,Po
1826.0,3.0,2,8,Suburban,109.95,8788,4,8,2,708,758,0,SW Ames,1Story,Yes,Fa
602.0,1.0,2,21,Suburban,32.25,2899,3,4,1,442,180,0,NW Ames,SLvl,Yes,Fa
1181.0,6.0,2,33,Suburban,78.15,5865,4,4,1,267,313,1,Meadow Village,1Story,Yes,Fa
4813.0,5.0,3,20,Suburban,247.05,24494,7,6,2,504,1861,0,Sawyer,2Story,Yes,TA
2381.0,5.0,1,12,Rural,88.95,15114,4,5,1,316,1041,0,Bluestem,2Story,Yes,Po
2670.0,5.0,3,47,Downtown,249.84,4210,6,3,2,719,1182,1,Old Town,1Story,Yes,TA
2601.0,4.0,2,3,Suburban,131.72,12442,5,7,1,389,776,0,Sawyer,2Story,Yes,Fa
4022.0,5.0,1,12,Urban,265.36,11613,7,8,2,775,1945,1,College View,SLvl,Yes,TA
792.0,1.0,2,50,Rural,18.86,5661,3,3,1,258,0,0,Brookside,1Story,No,Po
872.0,6.0,4,37,Suburban,78.89,4165,3,5,1,364,0,0,SW Ames,1.5Unf,Yes,Po
1741.0,5.0,4,4,Urban,138.91,5758,6,8,1,473,622,1,West Side,1Story,Yes,TA
2689.0,5.0,2,38,Urban,200.45,6296,4,4,1,582,778,1,Iowa State Area,1Story,Yes,TA
3520.0,3.0,2,49,Urban,216.86,8474,7,4,2,820,1713,0,Iowa State Area,1Story,No,TA
2708.0,5.0,4,4,Suburban,136.06,7880,5,7,1,305,839,1,Mitchell,1Story,Yes,Po
2485.0,3.0,4,21,Urban,193.1,6864,6,6,1,403,1198,1,Iowa State Area,SFoyer,Yes,TA
4720.0,1.0,5,23,Downtown,436.27,5134,7,6,2,861,1967,3,Downtown Historic,2Story,Yes,Gd
1224.0,6.0,5,6,Rural,75.73,7534,3,4,1,457,0,0,Brookside,2Story,Yes,Po
3072.0,2.0,5,10,Suburban,177.6,12606,7,7,1,297,1245,0,Somerset,2Story,Yes,TA
2940.0,1.0,5,8,Urban,194.45,6619,6,9,2,799,872,1,Iowa State Area,SLvl,Yes,Fa
2630.0,4.0,3,9,Urban,157.9,7322,6,8,1,345,0,1,Iowa State Area,2Story,No,TA
4134.0,2.0,2,20,,100.93,7455,5,7,1,415,1396,0,South Campus,1Story,Yes,TA
1701.0,6.0,2,23,Suburban,109.08,4694,4,7,2,781,652,0,NW Ames,2Story,Yes,Fa
4791.0,3.0,2,12,Suburban,208.95,23227,6,7,2,481,1487,0,Somerset,1Story,Yes,TA
1992.0,1.0,4,14,Urban,119.96,4742,4,7,1,507,623,0,Industrial District,1.5Fin,Yes,Fa
2952.0,6.0,4,9,Urban,226.76,5822,7,6,2,527,0,0,Iowa State Area,SLvl,Yes,Gd
2843.0,4.0,5,40,Downtown,260.09,4544,6,4,2,802,847,0,East End,2Story,Yes,TA
4324.0,2.0,1,10,Suburban,165.48,20358,5,8,2,574,2017,1,Mitchell,2Story,Yes,TA
2475.0,5.0,3,46,Downtown,204.06,3160,6,5,1,390,667,0,Old Town,1Story,No,TA
1780.0,4.0,2,27,Downtown,184.62,3033,6,5,2,909,778,1,Old Town,1Story,Yes,TA
597.0,1.0,5,40,Suburban,30.95,2000,4,3,1,405,271,0,SW Ames,1Story,No,Po
2136.0,5.0,2,32,Rural,83.62,9435,4,5,1,296,0,0,Bluestem,1Story,No,TA
4218.0,3.0,1,13,Suburban,184.67,17182,6,7,0,0,0,0,Sawyer,SLvl,Yes,TA
544.0,5.0,3,30,Urban,74.31,1467,3,3,1,375,203,0,East Urban,1Story,Yes,Fa
4532.0,6.0,5,13,Urban,354.62,12986,9,4,2,743,2248,2,College View,SLvl,Yes,TA
2942.0,4.0,5,6,Urban,234.02,8887,7,7,2,637,847,2,Iowa State Area,1Story,Yes,TA
1131.0,5.0,1,12,Urban,111.68,3911,4,5,2,672,363,0,South Campus,1Story,Yes,Fa
1859.0,2.0,2,14,Suburban,81.62,7498,5,6,2,798,737,0,SW Ames,SLvl,Yes,Po
2993.0,2.0,1,6,Urban,206.19,6929,6,7,1,355,1374,0,Iowa State Area,1Story,Yes,TA
1920.0,3.0,2,1,,96.49,6032,5,7,1,274,695,1,Industrial District,1Story,Yes,Po
988.0,6.0,3,48,Rural,48.57,5273,3,5,0,0,411,0,Bluestem,1Story,Yes,Fa
3496.0,4.0,2,26,Rural,115.35,21129,5,6,1,433,0,0,North Ames,SLvl,Yes,TA
3525.0,3.0,1,20,Downtown,283.88,3992,7,7,1,353,1451,1,Central Business,1Story,No,Gd
1034.0,5.0,3,47,,92.77,1855,4,4,1,241,500,1,Industrial District,1Story,Yes,Fa
1765.0,6.0,1,11,Urban,134.01,6062,5,5,2,722,763,0,Iowa State Area,1Story,Yes,Fa
1597.0,6.0,2,20,Urban,118.88,5131,5,7,2,561,481,0,South Campus,1Story,Yes,TA
3467.0,2.0,1,43,Urban,211.26,10290,6,4,0,0,1628,1,Oak Park,1Story,No,Fa
3786.0,5.0,1,32,Urban,245.94,9335,6,6,2,716,1827,1,West Side,2Story,Yes,TA
3771.0,4.0,3,20,Suburban,207.36,11769,5,5,1,455,1405,0,Somerset,2Story,No,TA
4724.0,3.0,5,13,Urban,304.93,9560,8,5,2,563,2129,1,College View,2Story,Yes,TA
3958.0,3.0,4,1,Rural,113.61,20784,6,8,2,728,1880,0,Greens,1Story,No,Fa
1943.0,1.0,1,4,Downtown,164.06,3161,6,8,2,942,0,0,East End,1Story,Yes,TA
984.0,2.0,1,8,Downtown,86.74,1772,2,6,1,376,0,0,Old Town,1.5Unf,Yes,Po
3265.0,4.0,2,40,Urban,212.26,9486,7,3,1,453,1369,0,Iowa State Area,SLvl,Yes,TA
4622.0,6.0,4,32,Downtown,363.2,6212,7,7,2,576,1307,2,Central Business,2Story,Yes,Gd
4888.0,6.0,4,22,Urban,384.69,15000,8,5,2,700,1264,3,College View,2Story,Yes,Gd
1535.0,2.0,5,39,Rural,48.92,11204,3,6,1,554,443,0,Bluestem,SLvl,Yes,Po
1564.0,5.0,2,8,Urban,128.84,4254,5,6,2,824,534,0,South Campus,1.5Fin,Yes,TA
668.0,1.0,1,10,Urban,45.9,1884,3,7,1,350,271,0,South Campus,SLvl,No,Po
1135.0,5.0,1,20,Suburban,65.98,4286,3,5,0,0,427,1,SW Ames,1Story,Yes,Po
2996.0,3.0,1,46,Urban,180.26,6542,7,5,1,426,1179,0,Oak Park,1Story,No,TA
2960.0,3.0,1,31,Suburban,156.48,10676,5,4,1,418,1152,1,Mitchell,SLvl,Yes,Fa
2169.0,5.0,5,43,Urban,156.74,6672,5,4,1,338,724,1,Iowa State Area,1Story,Yes,TA
1894.0,3.0,2,12,Suburban,104.4,5111,5,6,2,842,0,0,NW Ames,1.5Fin,Yes,TA
4234.0,5.0,5,43,Downtown,254.19,4962,7,3,1,317,1571,2,Old Town,2Story,No,Gd
2570.0,,3,3,Urban,188.14,4704,6,8,1,354,654,1,West Side,2Story,Yes,TA
4137.0,6.0,3,11,Suburban,209.81,11453,7,6,1,297,1674,0,Mitchell,SLvl,Yes,TA
4834.0,4.0,3,26,Rural,139.85,37671,7,5,2,526,1312,0,North Ames,2Story,Yes,TA
1927.0,2.0,5,2,Urban,162.84,5745,6,6,1,434,927,1,Oak Park,2Story,Yes,Fa
1412.0,5.0,1,43,Suburban,74.9,5537,3,1,1,380,398,1,SW Ames,2Story,Yes,Fa
4788.0,3.0,1,44,Downtown,338.64,5519,7,4,2,803,1906,1,Downtown Historic,2Story,Yes,Gd
3356.0,,3,27,Urban,213.03,8760,7,8,2,428,0,0,Iowa State Area,2Story,No,Gd
1809.0,1.0,2,15,Downtown,112.87,2799,6,7,2,794,559,0,Old Town,2Story,No,Fa
3298.0,1.0,3,5,Suburban,136.14,10292,6,7,1,362,0,1,Mitchell,2Story,Yes,Fa
2817.0,4.0,4,31,Urban,212.72,7069,6,5,2,1153,846,0,West Side,SFoyer,Yes,TA
4574.0,2.0,3,27,Suburban,161.89,17015,7,5,2,906,0,0,Mitchell,2Story,Yes,TA
1651.0,6.0,2,38,Downtown,152.14,2801,4,5,2,827,521,1,East End,1Story,Yes,Po
4961.0,6.0,2,30,Rural,154.09,34069,5,4,1,447,1275,0,Greens,2Story,No,TA
4712.0,5.0,4,6,Suburban,282.02,13102,7,9,2,673,2216,1,Northridge Heights,2Story,Yes,Gd
1313.0,5.0,2,6,Downtown,161.86,1895,5,8,1,470,565,0,East End,1Story,Yes,TA
1240.0,4.0,3,39,Downtown,114.64,2117,4,5,1,385,0,1,East End,1Story,No,TA
2899.0,1.0,3,8,Downtown,255.63,4575,7,8,2,719,863,0,Old Town,SLvl,Yes,Gd
702.0,3.0,4,47,Rural,27.76,5474,3,3,1,355,335,0,Bluestem,SLvl,Yes,Fa
,3.0,4,5,Urban,158.6,4354,6,8,2,886,0,1,West Side,1Story,Yes,TA
2457.0,6.0,3,37,Suburban,118.1,7600,5,5,1,363,1040,0,SW Ames,1Story,No,Fa
4862.0,2.0,2,49,Urban,303.8,9109,6,4,2,722,2319,0,University Heights,2Story,No,TA
4965.0,3.0,2,22,Suburban,216.64,21691,7,5,1,421,1904,0,Mitchell,2Story,Yes,Gd
1181.0,3.0,3,2,Urban,92.92,2122,5,7,2,548,0,0,East Urban,1Story,Yes,Fa
4512.0,1.0,2,44,Suburban,182.81,19032,5,6,1,317,1672,1,Sawyer,2Story,Yes,Fa
909.0,1.0,4,9,Rural,37.92,7407,4,5,0,0,290,0,Bluestem,1Story,Yes,Po
3868.0,3.0,2,26,Urban,225.97,10664,7,4,3,990,1881,1,Oak Park,2Story,Yes,TA
4305.0,1.0,4,50,Suburban,193.36,15896,6,4,1,329,1572,1,Sawyer,2Story,Yes,TA
4508.0,1.0,4,37,Downtown,308.28,7778,8,5,2,717,1310,2,Central Business,SLvl,Yes,Gd
1505.0,3.0,5,2,Urban,139.47,3841,5,8,1,549,654,1,Oak Park,1Story,Yes,TA
4520.0,2.0,1,41,Rural,132.74,29342,5,4,1,439,0,0,Veenker,2Story,Yes,Fa
1021.0,4.0,4,8,Suburban,77.92,5273,4,6,1,341,426,0,Meadow Village,1Story,Yes,Fa
2834.0,1.0,1,38,Suburban,109.87,10449,5,6,1,340,1379,0,NW Ames,1Story,Yes,Fa
2612.0,,2,31,Urban,159.37,8965,5,3,1,238,1159,0,Iowa State Area,1Story,Yes,TA
1921.0,3.0,1,14,Urban,136.79,6405,4,5,0,0,929,0,Iowa State Area,2Story,No,TA
599.0,6.0,1,21,Urban,91.99,1253,5,6,0,0,263,0,East Urban,1Story,Yes,TA
3974.0,4.0,1,6,Suburban,210.42,11304,6,5,0,0,1434,0,Mitchell,1Story,Yes,TA
2010.0,6.0,1,50,Urban,155.16,3872,4,3,2,778,889,1,Iowa State Area,1Story,Yes,TA
3477.0,3.0,5,12,Urban,310.13,6196,6,9,3,1077,1706,1,Cedar Rapids,1Story,Yes,Gd
2345.0,3.0,1,15,Urban,160.81,4491,5,6,1,379,0,0,Iowa State Area,1Story,Yes,TA
2181.0,3.0,2,25,Urban,150.7,6424,4,6,2,738,994,0,West Side,2Story,Yes,TA
4488.0,6.0,4,34,Urban,323.48,8413,8,4,2,875,1640,1,Cedar Rapids,2Story,No,Ex
925.0,6.0,5,25,Downtown,125.65,1281,5,5,2,734,366,1,East End,1.5Unf,Yes,Po
3814.0,6.0,5,25,Rural,130.72,29553,5,5,2,964,0,0,Veenker,SLvl,Yes,Po
3860.0,5.0,1,29,Suburban,175.9,10507,7,5,1,325,1572,0,Sawyer,SLvl,Yes,TA
2209.0,4.0,5,43,Downtown,211.71,4209,7,6,2,953,945,0,East End,SLvl,No,Gd
1681.0,4.0,4,20,Suburban,100.03,5732,4,6,1,247,782,0,Meadow Village,1Story,Yes,Fa
523.0,6.0,1,42,Suburban,47.09,2000,1,2,1,332,165,0,Meadow Village,SLvl,Yes,Fa
4715.0,2.0,3,40,Urban,305.17,14000,8,5,1,344,1748,2,College View,2Story,Yes,TA
4764.0,3.0,5,49,Urban,316.4,13580,6,5,2,643,0,2,Cedar Rapids,2Story,Yes,Gd
1584.0,6.0,2,46,Downtown,152.77,3123,4,5,2,686,693,0,Old Town,1.5Fin,No,TA
643.0,3.0,1,40,Downtown,53.19,1171,4,6,0,0,237,0,East End,1Story,Yes,Po
1052.0,2.0,5,12,Suburban,77.8,5047,5,5,2,721,0,0,NW Ames,1.5Unf,No,Po
,4.0,5,39,Rural,44.34,10769,4,3,0,0,0,0,Brookside,1Story,Yes,Fa
4240.0,2.0,5,37,Downtown,272.46,5242,7,3,2,557,1592,1,Downtown Historic,2Story,Yes,TA
4513.0,6.0,5,14,Suburban,231.04,21015,7,6,2,809,1590,1,Sawyer,2Story,Yes,Gd
1189.0,6.0,5,34,Downtown,155.36,2256,6,5,1,474,526,0,Old Town,SLvl,Yes,TA
3860.0,2.0,3,12,Suburban,194.67,20438,7,8,1,320,1855,0,Mitchell,1Story,Yes,Fa
1306.0,4.0,1,26,Suburban,79.74,4907,4,5,0,0,451,1,Meadow Village,SLvl,Yes,Fa
2152.0,6.0,4,40,Urban,173.3,5167,5,4,1,382,864,1,West Side,SLvl,Yes,TA
3197.0,5.0,2,9,,296.8,9939,7,7,2,1170,1188,0,Cedar Rapids,2Story,Yes,TA
3739.0,2.0,3,17,Suburban,174.83,13335,6,5,2,680,1100,0,Sawyer,SLvl,No,TA
4435.0,4.0,4,40,Rural,130.73,35964,5,7,2,766,0,0,Greens,SLvl,Yes,Po
701.0,4.0,5,23,Urban,82.02,2280,3,4,0,0,198,0,East Urban,1Story,No,Fa
1383.0,4.0,2,48,Urban,96.19,3459,4,4,1,370,668,0,East Urban,1Story,No,TA
1762.0,1.0,2,0,Downtown,144.84,3239,5,9,1,319,0,0,East End,SLvl,Yes,Fa
1896.0,2.0,4,36,Suburban,75.52,8849,3,4,0,0,538,1,NW Ames,SLvl,Yes,Fa
4991.0,6.0,1,41,Suburban,225.14,14645,6,4,2,723,1388,1,Somerset,SLvl,No,Fa
3998.0,2.0,3,46,Suburban,175.13,20233,6,3,1,615,0,0,Somerset,2Story,No,TA
1941.0,2.0,4,7,Suburban,102.44,7772,5,7,0,0,608,0,NW Ames,1Story,Yes,Po
4873.0,2.0,3,50,Rural,136.2,37381,4,5,1,426,1685,1,Veenker,1Story,Yes,TA
2746.0,2.0,2,20,Suburban,133.55,9642,5,3,0,0,0,0,Somerset,1Story,Yes,Po
2753.0,1.0,5,17,Urban,158.8,9132,7,8,2,628,806,1,Iowa State Area,1Story,Yes,TA
2451.0,3.0,2,18,Suburban,101.85,9057,4,4,2,703,925,0,Meadow Village,1Story,Yes,Po
1147.0,6.0,4,32,Urban,112.03,2029,4,5,1,402,462,1,East Urban,1Story,No,TA
4704.0,1.0,3,33,Urban,290.61,15000,7,5,2,727,2016,1,University Heights,2Story,Yes,TA
562.0,2.0,1,24,Rural,23.81,3000,2,6,1,387,0,0,Bluestem,1Story,No,Po
1284.0,1.0,3,3,Suburban,75.1,4506,4,5,2,865,0,0,Meadow Village,1Story,Yes,Fa
1533.0,4.0,1,50,Rural,42.08,12556,2,4,1,346,0,0,Bluestem,1.5Fin,Yes,Po
1756.0,2.0,5,11,Urban,129.96,5994,5,9,0,0,497,0,Industrial District,1Story,Yes,Po
1093.0,5.0,4,4,Suburban,91.15,4575,4,5,0,0,518,1,SW Ames,1Story,Yes,Fa
580.0,4.0,2,30,Urban,60.74,1656,2,5,1,262,0,0,East Urban,1Story,No,Po
3549.0,5.0,3,21,Downtown,320.22,5398,7,6,2,972,0,1,Downtown Historic,2Story,Yes,Gd
4861.0,4.0,4,31,Urban,280.24,11001,7,6,1,421,2367,1,College View,1Story,Yes,TA
1048.0,3.0,2,44,Suburban,53.72,3704,3,4,1,404,264,0,Meadow Village,SLvl,Yes,Po
1834.0,6.0,2,4,Downtown,206.3,3221,6,7,0,0,480,1,East End,1Story,Yes,TA
2778.0,3.0,3,14,Rural,101.35,20446,6,7,1,385,930,0,Brookside,SFoyer,Yes,TA
4673.0,6.0,2,26,Downtown,352.61,8000,7,8,2,715,1885,2,Central Business,1Story,No,Gd
3624.0,6.0,4,40,Urban,242.28,11350,6,4,1,352,0,1,Oak Park,1Story,Yes,Gd
3947.0,4.0,1,30,,133.21,7537,5,6,1,491,1415,1,Oak Park,2Story,No,TA
3115.0,5.0,5,19,Downtown,268.84,4888,8,5,2,945,1484,1,Downtown Historic,2Story,Yes,TA
2376.0,2.0,2,31,Rural,68.12,10554,4,4,2,855,910,0,Bluestem,1Story,No,TA
1398.0,5.0,3,49,Suburban,73.53,5762,3,4,1,442,366,0,Meadow Village,1Story,No,Fa
4389.0,5.0,1,24,Downtown,354.61,6643,6,8,2,708,2044,1,Central Business,2Story,Yes,TA
4118.0,6.0,2,45,Suburban,198.84,20678,5,5,2,819,1866,0,Mitchell,2Story,No,TA
,2.0,4,39,Suburban,29.46,3593,3,4,1,262,0,1,SW Ames,SLvl,Yes,Fa
3719.0,5.0,2,15,Suburban,192.05,11051,7,6,2,449,0,0,Mitchell,2Story,Yes,TA
879.0,3.0,1,12,Suburban,49.17,2672,2,5,0,0,418,0,SW Ames,SLvl,Yes,Po
3825.0,2.0,3,39,Suburban,177.64,17922,5,5,1,336,1484,1,Sawyer,2Story,No,TA
4216.0,2.0,1,10,Suburban,164.84,18148,5,8,0,0,1100,1,Sawyer,1Story,Yes,TA
1089.0,4.0,2,17,Urban,94.71,2098,4,5,1,340,393,0,South Campus,1Story,Yes,TA
2452.0,2.0,3,12,Suburban,118.02,7071,5,6,2,708,730,1,SW Ames,2Story,Yes,TA
1056.0,1.0,3,30,Rural,34.59,7544,4,5,2,1126,0,0,Brookside,1Story,No,Fa
3052.0,3.0,4,15,Suburban,157.12,8709,6,6,1,358,1378,1,Mitchell,2Story,Yes,TA
4674.0,4.0,4,33,Suburban,217.14,22651,6,5,1,592,1392,1,Sawyer,SLvl,Yes,Fa
863.0,2.0,5,47,Urban,55.66,2577,3,6,1,378,320,0,Industrial District,1Story,Yes,Fa
2289.0,6.0,1,42,Suburban,102.8,6584,5,4,2,805,756,1,NW Ames,1Story,Yes,TA
4879.0,5.0,2,48,Rural,141.14,22230,4,3,0,0,0,1,Veenker,2Story,Yes,TA
1854.0,4.0,1,1,Urban,140.03,6446,5,7,1,268,474,0,Oak Park,SLvl,Yes,Fa
1094.0,6.0,1,23,Urban,96.76,2631,4,6,1,384,513,0,South Campus,1.5Unf,No,Fa
2698.0,3.0,2,11,Suburban,142.97,9837,6,6,2,894,738,1,Somerset,SFoyer,Yes,TA
2787.0,1.0,3,46,Urban,152.03,8841,5,3,0,0,1119,0,Iowa State Area,2Story,No,Fa
3482.0,1.0,5,36,Suburban,142.11,18036,6,6,1,237,917,0,Mitchell,2Story,Yes,TA
1911.0,6.0,4,16,Downtown,202.38,3985,6,8,2,664,775,1,East End,2Story,No,TA
4800.0,6.0,4,28,Urban,329.85,14728,7,5,2,549,1805,2,College View,2Story,Yes,TA
2844.0,5.0,4,30,Suburban,158.02,10411,6,3,1,378,913,0,Mitchell,SFoyer,Yes,TA
1789.0,1.0,1,25,Suburban,89.96,5156,5,7,1,352,0,0,NW Ames,2Story,Yes,Fa
4821.0,2.0,5,24,Suburban,208.87,22790,6,5,1,306,0,0,Mitchell,SLvl,Yes,TA
4661.0,1.0,5,2,Suburban,217.43,19322,6,9,1,353,1256,0,Mitchell,1Story,Yes,TA
2746.0,1.0,1,23,Suburban,121.62,10403,5,3,1,306,1025,0,NW Ames,SFoyer,Yes,Fa
611.0,2.0,3,17,Suburban,42.24,3098,5,7,0,0,302,0,Meadow Village,SLvl,Yes,Po
3186.0,4.0,5,41,Suburban,152.99,9417,5,3,1,366,1185,0,Somerset,1Story,No,TA
2998.0,1.0,3,44,Suburban,107.22,11903,6,5,2,959,1229,0,SW Ames,1Story,Yes,Fa
1166.0,6.0,5,38,Suburban,84.73,3137,5,4,1,417,417,0,NW Ames,1Story,Yes,TA
3352.0,3.0,5,1,Downtown,262.47,5169,7,7,2,702,1582,2,Downtown Historic,2Story,No,TA
4283.0,2.0,3,42,Urban,206.91,7917,6,4,1,442,2049,0,Oak Park,2Story,Yes,Fa
976.0,4.0,1,20,Suburban,56.51,2905,4,6,0,0,0,0,SW Ames,1.5Unf,Yes,Fa
3754.0,5.0,2,21,Rural,111.8,17620,5,6,1,362,1679,0,Greens,2Story,Yes,Fa
1131.0,2.0,2,48,Suburban,52.31,4962,3,4,1,392,556,0,Meadow Village,1Story,Yes,Po
3869.0,1.0,3,44,Downtown,288.81,7093,6,7,2,797,1261,1,Central Business,2Story,Yes,Gd
2386.0,1.0,3,2,Suburban,105.78,10049,4,5,0,0,636,0,SW Ames,1Story,Yes,Fa
529.0,6.0,3,18,Urban,81.21,1816,3,8,0,0,0,0,Industrial District,1Story,No,Fa
4848.0,1.0,1,38,Suburban,162.46,17730,4,5,1,206,2006,0,Mitchell,SLvl,Yes,Po
1246.0,4.0,2,27,Suburban,70.16,4261,3,4,1,382,607,0,SW Ames,SLvl,Yes,Po
3182.0,3.0,4,13,Suburban,167.8,15816,6,5,1,459,1219,0,Somerset,2Story,Yes,TA
1316.0,5.0,1,26,Suburban,86.07,4283,4,5,1,308,560,0,NW Ames,2Story,Yes,TA
4698.0,1.0,2,44,Urban,241.06,15000,5,5,2,739,1402,0,West Side,1Story,No,TA
3822.0,6.0,5,11,Urban,310.28,6770,8,7,3,1750,1661,1,Cedar Rapids,2Story,Yes,TA
4119.0,5.0,1,38,Rural,109.12,34079,5,6,2,662,1620,0,North Ames,2Story,No,TA
2444.0,3.0,3,37,Suburban,103.39,6782,3,3,1,512,1137,0,SW Ames,1Story,No,Fa
2603.0,2.0,2,45,Suburban,120.3,13094,5,4,1,328,0,0,SW Ames,2Story,Yes,TA
,6.0,1,15,Urban,272.43,8020,6,5,2,671,507,0,University Heights,SLvl,No,Gd
4031.0,2.0,3,11,Downtown,329.04,8000,7,8,2,737,1058,1,Central Business,2Story,Yes,TA
4311.0,,3,27,Downtown,332.22,4861,8,7,3,1284,1783,3,Central Business,2Story,Yes,TA
580.0,3.0,1,27,Urban,37.71,1577,3,4,1,406,282,1,East Urban,SLvl,No,Po
3486.0,2.0,1,20,Urban,164.67,12014,5,3,2,606,1476,0,Iowa State Area,2Story,Yes,TA
991.0,3.0,1,39,Rural,33.21,6339,3,4,1,281,375,0,Bluestem,1.5Unf,No,Fa
1795.0,1.0,4,40,Suburban,78.48,7780,4,5,1,318,653,0,NW Ames,2Story,Yes,TA
4232.0,1.0,5,12,Urban,234.12,12559,7,7,2,697,1806,1,Iowa State Area,2Story,Yes,Gd
1627.0,2.0,1,40,Downtown,116.65,2485,5,6,2,703,0,0,East End,1Story,Yes,Fa
4085.0,1.0,2,11,Urban,243.86,11635,6,6,2,548,1064,1,West Side,2Story,No,TA
2583.0,3.0,2,20,,138.43,7161,5,7,2,886,997,0,West Side,2Story,Yes,Fa
1546.0,6.0,2,1,Urban,145.66,5144,4,9,1,432,680,1,Oak Park,1Story,Yes,Po
2004.0,1.0,2,17,Suburban,102.46,5573,4,4,0,0,0,0,SW Ames,1Story,Yes,Fa
2888.0,1.0,1,48,Suburban,113.71,9840,4,4,2,806,0,1,SW Ames,2Story,Yes,TA
3943.0,1.0,3,22,Downtown,287.46,8000,7,6,2,917,1849,1,Central Business,2Story,Yes,TA
3227.0,4.0,2,36,Suburban,170.14,16226,6,5,2,740,1173,0,Sawyer,2Story,Yes,TA
4699.0,2.0,2,5,Rural,129.16,28729,6,7,2,722,2173,0,Veenker,2Story,No,TA
4404.0,3.0,2,32,Urban,339.41,12486,7,5,3,834,1512,1,Cedar Rapids,2Story,Yes,TA
3890.0,1.0,5,18,Downtown,312.81,5217,7,6,2,728,1536,1,Central Business,2Story,Yes,TA
3213.0,2.0,4,37,Rural,102.44,16033,5,4,1,244,1527,0,Veenker,1Story,Yes,Fa
1804.0,3.0,3,47,Rural,61.5,11090,4,2,2,790,0,0,Brookside,1Story,No,Po
2356.0,3.0,2,27,Suburban,135.91,8481,5,4,1,289,648,0,Sawyer,1Story,Yes,TA
1035.0,4.0,5,5,Suburban,90.3,4360,6,8,1,282,290,1,SW Ames,1Story,Yes,Fa
2183.0,5.0,5,24,Urban,146.68,4117,6,4,1,381,834,0,Iowa State Area,1Story,No,TA
4669.0,3.0,1,6,Suburban,245.79,24521,6,8,2,578,1855,2,Somerset,1Story,Yes,TA
2416.0,6.0,5,22,Urban,190.03,8398,6,6,1,447,864,0,West Side,2Story,Yes,TA
1011.0,4.0,4,3,Downtown,134.39,1803,5,5,1,392,502,1,East End,1Story,No,Fa
3433.0,2.0,1,32,Suburban,129.3,14027,5,4,2,708,1448,0,SW Ames,2Story,Yes,Fa
4831.0,2.0,4,15,Rural,157.12,26571,6,8,1,502,1322,0,Greens,2Story,Yes,Fa
4403.0,2.0,1,10,Suburban,184.1,21243,6,6,2,807,0,1,Mitchell,2Story,Yes,Fa
1733.0,4.0,1,0,Urban,135.19,5109,4,7,2,542,617,0,West Side,2Story,Yes,Po
2542.0,2.0,1,45,Downtown,171.91,3103,4,5,2,819,651,1,East End,1Story,No,TA
,6.0,3,42,Rural,121.65,24078,3,5,1,366,0,1,Bluestem,2Story,Yes,TA
1615.0,3.0,4,41,Rural,68.27,12362,4,4,1,237,516,0,Edwards,2Story,Yes,TA
1709.0,6.0,3,2,Suburban,118.41,8864,4,7,0,0,497,0,NW Ames,2Story,Yes,TA
1564.0,5.0,1,17,Suburban,93.76,7179,3,8,2,815,0,1,Meadow Village,SLvl,Yes,Po
4975.0,3.0,1,49,Urban,273.28,14047,6,6,1,586,1555,0,University Heights,2Story,No,TA
3857.0,2.0,5,29,Urban,268.85,9573,8,7,3,1755,1630,1,Cedar Rapids,1Story,Yes,Gd
4283.0,5.0,5,6,Downtown,363.84,8000,8,8,3,866,1504,3,Central Business,2Story,Yes,Ex
4174.0,2.0,4,7,Downtown,317.99,8000,8,7,2,789,1270,1,Downtown Historic,2Story,No,Ex
4816.0,2.0,1,13,Urban,312.07,8809,7,6,2,719,2373,1,University Heights,SLvl,Yes,TA
973.0,6.0,5,49,Suburban,73.07,2656,3,4,1,433,388,0,NW Ames,1Story,Yes,Po
4467.0,3.0,4,8,Downtown,360.52,6456,8,8,2,597,1616,2,Downtown Historic,1Story,Yes,TA
799.0,1.0,3,46,Urban,37.94,2532,3,5,1,376,365,0,East Urban,1.5Unf,Yes,Po
2639.0,,1,34,Suburban,128.66,13950,5,6,1,399,1018,0,SW Ames,1Story,Yes,TA
3174.0,3.0,5,47,Urban,242.62,6390,7,2,1,345,938,1,Oak Park,2Story,Yes,TA
2110.0,6.0,3,42,Urban,171.97,5886,5,5,2,1153,904,0,West Side,2Story,Yes,TA
1157.0,5.0,1,16,Suburban,87.61,4250,4,5,1,316,489,0,Meadow Village,1Story,Yes,TA
1365.0,2.0,2,42,Urban,74.95,4706,3,3,2,793,483,1,Industrial District,1Story,Yes,Po
4210.0,1.0,3,8,Suburban,195.25,20629,6,7,1,380,1440,0,Sawyer,1Story,Yes,TA
1934.0,4.0,1,14,Rural,62.67,14932,4,8,1,378,633,0,Edwards,SLvl,Yes,Po
1896.0,1.0,2,10,Urban,116.27,4873,4,9,1,274,790,1,South Campus,1.5Fin,No,Fa
4655.0,2.0,3,6,Rural,155.23,27661,6,8,1,402,1699,1,North Ames,2Story,No,TA
1147.0,1.0,5,4,Rural,47.64,6135,4,7,1,437,347,1,Bluestem,1.5Unf,No,Fa
4618.0,1.0,1,9,Suburban,172.02,12976,6,8,1,379,2190,0,Somerset,SLvl,Yes,TA
4644.0,6.0,3,6,Suburban,208.17,23035,7,8,1,300,1425,1,Sawyer,2Story,Yes,TA
3193.0,1.0,5,19,Suburban,130.37,15398,6,6,1,331,900,0,SW Ames,2Story,Yes,TA
1244.0,1.0,5,3,Suburban,78.86,6617,5,9,1,366,334,0,NW Ames,1Story,Yes,Fa
1201.0,6.0,5,3,Suburban,124.69,6379,6,7,1,288,494,0,NW Ames,1Story,Yes,TA
1781.0,2.0,1,50,Downtown,137.11,2909,5,4,2,556,760,0,East End,2Story,Yes,Fa
3098.0,5.0,5,4,Rural,95.45,23017,6,8,1,384,0,1,Veenker,1Story,Yes,Fa
1191.0,1.0,5,3,Suburban,83.31,6161,4,8,1,364,492,0,SW Ames,1Story,No,Fa
2550.0,1.0,2,1,Suburban,131.17,12546,5,8,2,794,979,1,Mitchell,2Story,Yes,Fa
1019.0,1.0,3,6,Urban,64.75,2224,4,6,1,310,323,1,South Campus,1.5Unf,Yes,Po
2931.0,5.0,3,26,Downtown,249.76,4464,6,5,1,270,1371,1,East End,2Story,No,TA
595.0,4.0,3,42,Suburban,49.56,2000,3,2,0,0,0,0,Meadow Village,1.5Unf,Yes,Fa
3690.0,3.0,2,37,Suburban,176.04,19180,6,5,1,402,1296,1,Sawyer,SLvl,Yes,TA
749.0,2.0,5,29,Urban,59.12,2105,4,6,1,428,235,0,Industrial District,1Story,Yes,Fa
1376.0,1.0,5,4,Urban,113.68,2959,5,8,0,0,470,0,East Urban,1Story,Yes,TA
1285.0,4.0,2,39,Urban,74.57,3759,4,6,1,382,0,1,East Urban,1Story,Yes,Fa
4239.0,2.0,5,1,Suburban,203.05,18246,7,8,1,286,1456,0,Sawyer,1Story,Yes,TA
,4.0,2,32,Urban,75.38,4754,3,6,1,255,689,0,South Campus,SLvl,Yes,Fa
2431.0,5.0,4,20,Rural,93.04,11370,4,4,2,828,0,1,Edwards,1Story,Yes,TA
3160.0,6.0,3,44,Urban,207.35,9244,6,4,1,379,1054,0,Oak Park,SLvl,Yes,TA
2821.0,3.0,3,15,Urban,206.0,7505,6,7,1,373,0,1,Oak Park,1Story,Yes,TA
3563.0,1.0,1,32,Urban,216.17,11051,6,6,0,0,1666,0,Oak Park,1Story,No,TA
4113.0,2.0,4,22,Suburban,216.28,16631,7,6,0,0,1438,0,Mitchell,2Story,Yes,Gd
2271.0,6.0,2,26,Urban,187.36,7361,6,5,1,288,947,0,West Side,1Story,No,TA
4226.0,4.0,2,47,Suburban,212.51,17445,6,2,0,0,1977,0,Sawyer,SLvl,No,TA
1930.0,4.0,1,36,Rural,68.48,12653,4,4,1,424,648,0,Bluestem,1.5Fin,Yes,Fa
4929.0,3.0,5,21,Urban,322.28,15000,7,7,2,937,1774,2,University Heights,SLvl,Yes,TA
2770.0,1.0,1,22,Suburban,119.08,10341,5,6,1,289,972,0,Meadow Village,2Story,Yes,TA
3812.0,6.0,4,35,Downtown,322.01,4539,7,6,2,917,1354,3,Central Business,1Story,No,TA
4437.0,5.0,5,17,Urban,267.42,7988,7,7,2,905,0,0,University Heights,2Story,Yes,TA
4066.0,6.0,1,8,Urban,250.23,12489,6,7,2,813,1837,1,West Side,SLvl,No,TA
4330.0,6.0,3,23,Downtown,356.94,7367,7,6,3,969,1513,2,Downtown Historic,2Story,No,Gd
2914.0,2.0,3,3,Suburban,147.59,13209,6,8,0,0,1143,1,Mitchell,1Story,Yes,TA
695.0,2.0,2,8,Suburban,52.07,2242,3,7,1,404,0,0,Meadow Village,1Story,Yes,Po
2718.0,2.0,4,21,Suburban,132.44,8216,6,6,1,238,729,1,Sawyer,2Story,Yes,TA
1316.0,6.0,3,40,Suburban,96.47,3551,4,4,1,410,0,1,Meadow Village,1Story,Yes,TA
4501.0,4.0,3,39,Suburban,232.45,16170,7,2,2,624,1878,0,Mitchell,SLvl,Yes,Gd
1565.0,3.0,3,13,Urban,117.03,4354,4,8,0,0,717,1,East Urban,SLvl,Yes,TA
1526.0,6.0,5,21,Downtown,195.18,2231,4,5,0,0,431,0,Old Town,1Story,Yes,TA
1622.0,4.0,4,7,Downtown,169.12,2448,6,6,1,337,789,1,Old Town,SLvl,Yes,TA
3391.0,6.0,2,38,Suburban,194.68,17176,5,5,1,320,1125,1,Mitchell,2Story,No,TA
3070.0,6.0,5,12,Rural,126.65,17384,6,6,2,560,0,1,Greens,2Story,Yes,TA
4769.0,1.0,5,40,Downtown,308.18,7581,6,6,2,992,0,2,Central Business,2Story,Yes,TA
2373.0,3.0,5,42,Suburban,122.49,11259,4,5,1,255,0,0,Meadow Village,SLvl,Yes,TA
1770.0,5.0,4,35,Suburban,123.63,6575,5,5,2,654,0,1,SW Ames,2Story,Yes,Fa
721.0,5.0,2,16,Suburban,60.6,3111,4,4,0,0,201,0,Meadow Village,1Story,Yes,Po
531.0,1.0,4,48,Suburban,26.56,2631,3,5,1,429,242,0,NW Ames,1Story,Yes,Fa
2181.0,2.0,2,34,Suburban,103.94,11310,3,5,1,371,676,1,SW Ames,2Story,Yes,Fa
4666.0,4.0,2,32,Suburban,193.3,14237,5,5,2,725,0,0,Mitchell,2Story,Yes,TA
2856.0,5.0,3,43,Rural,101.79,23110,5,4,1,319,978,0,Bluestem,1Story,No,TA
4520.0,1.0,5,44,Downtown,284.0,7082,6,2,2,657,1763,0,Central Business,1Story,Yes,Gd
957.0,4.0,3,3,Rural,46.19,5057,4,7,1,281,0,0,Brookside,1Story,No,Po
919.0,2.0,2,44,Downtown,77.45,1408,3,3,1,490,371,0,Old Town,1.5Unf,Yes,Po
4250.0,2.0,3,39,Suburban,193.94,22384,6,3,0,0,1644,1,Somerset,SLvl,Yes,TA
980.0,4.0,2,10,Downtown,111.11,1536,4,5,1,274,309,0,East End,1Story,No,TA
733.0,3.0,4,15,Urban,80.49,1704,3,7,1,399,205,0,East Urban,SLvl,Yes,Po
2318.0,4.0,2,38,Downtown,190.31,3976,6,4,1,490,869,1,Old Town,2Story,No,TA
4661.0,2.0,3,11,Urban,286.5,10116,7,9,2,781,0,1,University Heights,2Story,Yes,TA
3602.0,5.0,2,23,Urban,256.05,6782,6,5,1,348,1611,0,Oak Park,2Story,Yes,TA
946.0,1.0,2,35,Urban,49.86,1869,3,2,1,307,332,0,South Campus,1Story,No,Po
4267.0,6.0,5,33,Urban,296.3,8423,7,4,2,553,1271,1,University Heights,SLvl,No,TA
4296.0,1.0,2,46,Urban,228.72,8660,5,6,2,537,1709,1,Iowa State Area,SLvl,Yes,TA
4103.0,5.0,1,5,Suburban,171.76,12429,6,7,1,291,0,1,Somerset,2Story,Yes,TA
4561.0,3.0,2,15,Rural,127.94,31433,6,6,1,347,1193,0,Greens,2Story,Yes,TA
1579.0,3.0,3,50,Suburban,89.21,4964,3,3,0,0,0,1,SW Ames,1Story,No,Po
,1.0,1,29,Downtown,355.32,800,5,7,2,695,686,0,Central Business,1.5Fin,No,TA
1943.0,5.0,2,12,Urban,132.44,6450,6,8,2,821,945,1,West Side,1.5Fin,Yes,TA
4109.0,1.0,1,14,Rural,99.9,25437,5,8,2,669,1707,0,North Ames,1Story,Yes,Fa
3107.0,4.0,3,17,Downtown,262.31,5440,7,6,2,499,1267,2,Downtown Historic,1Story,Yes,TA
4007.0,5.0,4,28,Urban,312.33,8221,8,4,1,398,1191,1,Cedar Rapids,2Story,Yes,TA
3325.0,6.0,5,14,Rural,123.39,16650,5,6,1,462,1271,0,North Ames,2Story,Yes,Fa
3391.0,5.0,2,31,Rural,126.99,14824,6,5,2,1176,0,0,Veenker,2Story,Yes,TA
3273.0,2.0,5,22,Urban,220.21,6695,7,5,2,1130,1361,1,Iowa State Area,2Story,Yes,TA
4005.0,5.0,2,31,Suburban,203.4,13621,6,4,1,456,1723,0,Somerset,1Story,No,TA
3825.0,5.0,4,7,Urban,233.97,7879,8,8,1,283,1811,1,West Side,2Story,No,TA
1105.0,2.0,3,31,Suburban,63.49,3200,3,5,1,362,0,0,Meadow Village,1Story,Yes,Po
4217.0,1.0,4,47,Downtown,290.91,4962,7,4,2,766,1919,0,Central Business,2Story,No,TA
2912.0,6.0,4,6,Downtown,308.77,4466,8,7,2,681,995,1,Central Business,1Story,No,Gd
1953.0,1.0,3,16,Suburban,85.49,6267,5,6,0,0,561,1,NW Ames,SLvl,Yes,TA
2814.0,4.0,2,35,Urban,185.61,6718,7,4,1,443,709,1,Iowa State Area,SLvl,Yes,TA
4851.0,2.0,3,31,Suburban,222.96,19400,6,6,3,1198,1917,1,Mitchell,2Story,Yes,TA
4359.0,1.0,5,34,Urban,255.78,12895,6,6,3,957,2089,1,Oak Park,2Story,Yes,Gd
4251.0,5.0,5,28,Rural,150.15,18556,6,3,1,475,0,0,North Ames,SLvl,Yes,TA
2582.0,1.0,5,34,Suburban,117.0,12359,5,4,1,381,900,0,NW Ames,1Story,Yes,TA
4028.0,5.0,1,31,Urban,238.91,11475,7,4,1,417,1128,0,West Side,SLvl,Yes,TA
2232.0,5.0,3,3,Suburban,154.89,6423,6,7,1,269,935,1,Sawyer,2Story,Yes,TA
3587.0,1.0,1,38,Urban,215.93,11761,6,5,1,251,1552,1,West Side,2Story,Yes,TA
3378.0,2.0,4,22,Urban,197.54,11355,7,4,1,454,907,0,West Side,SLvl,Yes,TA
1624.0,5.0,5,2,Urban,162.74,3016,5,6,1,336,747,0,Iowa State Area,SLvl,No,TA
1699.0,4.0,1,20,Rural,56.63,9112,3,4,1,395,0,0,Bluestem,1.5Fin,Yes,Po
775.0,1.0,4,22,Suburban,39.7,3723,4,6,0,0,0,0,NW Ames,SLvl,Yes,Po
1128.0,6.0,5,4,Rural,73.51,8283,4,7,1,449,561,0,Brookside,1.5Unf,Yes,Fa
2451.0,2.0,5,50,Rural,63.57,12194,3,2,0,0,620,0,Edwards,SLvl,Yes,Po
2650.0,1.0,2,11,Rural,87.81,13460,5,7,0,0,0,1,Bluestem,1Story,Yes,Po
1243.0,6.0,1,16,Urban,111.83,2981,5,5,2,1138,518,0,East Urban,1Story,No,Po
2376.0,1.0,5,22,Rural,75.61,14814,5,5,1,383,939,1,Brookside,SFoyer,Yes,Fa
3218.0,4.0,5,42,Suburban,168.68,13852,6,6,1,480,0,1,Sawyer,2Story,Yes,TA
1546.0,6.0,3,37,Urban,138.84,3704,4,6,2,897,646,1,Oak Park,1Story,Yes,TA
2022.0,4.0,5,39,Suburban,103.56,7866,4,3,2,550,821,0,NW Ames,1Story,Yes,TA
2153.0,4.0,1,12,Urban,162.49,6584,6,8,1,263,652,1,Oak Park,1Story,Yes,TA
2772.0,3.0,4,43,Urban,179.81,5029,6,5,2,631,817,1,West Side,2Story,Yes,TA
2148.0,1.0,1,42,Urban,98.74,4708,4,3,1,303,0,0,Industrial District,1Story,Yes,TA
3816.0,4.0,5,23,Downtown,317.83,6865,8,7,2,721,1188,2,Downtown Historic,2Story,Yes,Gd
1973.0,6.0,4,27,Urban,187.48,6544,6,7,1,362,651,1,West Side,1Story,Yes,TA
2452.0,1.0,5,1,Rural,98.57,15568,6,6,1,313,0,1,Bluestem,2Story,Yes,Fa
2207.0,6.0,3,38,Suburban,134.84,8994,6,3,2,557,0,1,Mitchell,SLvl,Yes,Fa
1323.0,3.0,1,49,Suburban,52.44,3896,2,4,1,295,616,1,Meadow Village,1Story,Yes,Po
3585.0,4.0,1,24,Urban,237.13,9081,7,6,1,363,1037,0,Oak Park,2Story,Yes,TA
1559.0,1.0,2,27,Urban,99.77,4181,4,6,1,476,590,0,Industrial District,1Story,Yes,Fa
,4.0,4,25,Urban,152.26,4349,5,6,1,391,709,0,Oak Park,1Story,Yes,TA
4067.0,2.0,1,4,Suburban,199.49,13731,7,8,1,347,1933,0,Somerset,2Story,Yes,Gd
4769.0,2.0,5,31,Urban,302.8,11494,7,4,2,532,1775,1,University Heights,1Story,No,TA
,5.0,2,36,Suburban,170.75,6783,5,6,2,723,497,0,Sawyer,SLvl,Yes,TA
,1.0,3,47,Suburban,182.24,2000,5,5,2,720,0,1,Sawyer,1Story,Yes,TA
4343.0,3.0,2,47,Suburban,154.5,13995,5,3,2,907,1133,0,Mitchell,2Story,Yes,TA
2664.0,4.0,3,25,Rural,94.91,14853,4,5,1,394,1081,0,Edwards,SFoyer,Yes,TA
3966.0,1.0,3,48,Urban,225.58,7772,5,2,2,915,1015,1,Oak Park,2Story,Yes,TA
1977.0,2.0,1,26,,62.83,6541,3,6,1,370,659,1,Industrial District,1Story,Yes,Fa
2572.0,3.0,3,32,Suburban,108.54,10903,6,5,0,0,812,0,SW Ames,2Story,Yes,TA
2909.0,4.0,4,30,Suburban,159.44,12993,5,5,0,0,1228,1,Mitchell,1Story,Yes,TA
4822.0,6.0,5,50,Suburban,287.53,22949,6,5,2,705,1447,1,Stone Brook,2Story,Yes,Gd
4318.0,6.0,2,37,Suburban,212.89,17211,6,4,1,387,1718,0,Somerset,2Story,Yes,TA
2701.0,2.0,5,6,Rural,93.61,12330,5,8,1,335,775,0,Bluestem,SLvl,Yes,Po
3436.0,1.0,5,3,Urban,229.87,9243,8,6,2,960,1557,2,Iowa State Area,2Story,Yes,TA
1410.0,1.0,5,20,Suburban,91.47,5952,5,6,0,0,0,0,SW Ames,1.5Fin,Yes,Po
,4.0,2,26,Suburban,174.89,9286,4,5,1,435,0,0,Sawyer,1Story,No,TA
2988.0,1.0,5,34,Urban,186.73,7486,6,5,2,901,1247,0,Oak Park,SLvl,Yes,TA
2897.0,2.0,3,24,Rural,83.31,13720,5,5,0,0,1189,1,Brookside,SLvl,No,TA
3948.0,,1,26,Urban,247.11,8870,6,6,2,537,1600,1,Oak Park,SLvl,Yes,TA
3348.0,6.0,2,47,Suburban,166.07,12139,6,5,1,405,0,1,Sawyer,2Story,Yes,TA
826.0,6.0,4,17,Downtown,149.35,1428,5,6,0,0,280,0,Old Town,1Story,Yes,TA
1796.0,2.0,1,25,Urban,129.07,4937,5,4,0,0,738,1,Industrial District,1Story,Yes,Fa
1295.0,4.0,3,28,Suburban,82.66,4671,4,7,0,0,606,0,SW Ames,1Story,Yes,Fa
3807.0,4.0,4,23,Urban,243.81,13235,7,8,2,513,1684,1,Iowa State Area,2Story,Yes,TA
658.0,2.0,1,49,Urban,42.64,1849,3,2,1,348,310,0,Industrial District,1.5Unf,Yes,Po
1410.0,4.0,3,49,Urban,97.49,3053,3,4,1,413,535,0,East Urban,2Story,Yes,TA
3188.0,4.0,2,26,Urban,195.79,6147,6,5,1,389,1394,1,Oak Park,2Story,Yes,TA
3626.0,3.0,3,22,Suburban,142.43,11120,5,6,2,653,0,1,Somerset,1Story,Yes,Fa
2764.0,5.0,2,30,Rural,108.25,14464,4,5,0,0,728,0,Bluestem,2Story,Yes,Fa
4373.0,5.0,5,9,Downtown,417.57,5329,8,7,2,854,0,3,Downtown Historic,2Story,Yes,Ex
4635.0,4.0,1,21,Suburban,266.62,14629,7,5,2,732,1871,1,Clear Creek,2Story,Yes,TA
1094.0,5.0,5,11,Urban,103.31,2460,5,6,1,392,299,1,South Campus,1.5Unf,No,Fa
4786.0,5.0,4,7,Suburban,278.31,14938,7,6,2,691,0,0,Clear Creek,1Story,Yes,TA
3264.0,4.0,5,4,Urban,238.53,10834,8,7,2,799,1070,1,Iowa State Area,SLvl,Yes,Gd
3362.0,2.0,5,29,Urban,231.63,6356,7,5,3,1080,1545,0,Oak Park,2Story,Yes,TA
927.0,5.0,1,0,Urban,80.78,2473,5,6,1,364,436,0,East Urban,1Story,No,Fa
3298.0,5.0,5,32,Suburban,200.69,12373,7,6,1,435,1313,0,Sawyer,2Story,Yes,TA
3765.0,6.0,3,22,Suburban,212.51,19853,5,8,2,792,0,1,Mitchell,2Story,Yes,TA
3113.0,1.0,5,18,Urban,196.92,6058,7,6,1,357,1101,0,West Side,2Story,Yes,TA
880.0,3.0,5,39,Suburban,62.72,3272,4,4,1,293,296,0,SW Ames,SLvl,Yes,Fa
2854.0,6.0,3,27,Suburban,144.93,14952,6,6,1,487,1425,1,Sawyer,2Story,Yes,TA
4711.0,4.0,2,37,Urban,270.99,15000,7,6,2,717,1937,2,Cedar Rapids,2Story,Yes,TA
3755.0,6.0,1,36,Suburban,175.81,18149,5,5,2,779,985,1,Mitchell,SLvl,Yes,TA
1118.0,1.0,1,1,Rural,30.52,5907,3,8,1,362,434,1,Edwards,SLvl,No,Fa
4819.0,1.0,2,10,Urban,307.02,9874,7,8,2,542,1852,1,Cedar Rapids,2Story,Yes,TA
4814.0,5.0,5,29,Suburban,268.32,21367,6,4,3,1362,0,1,Stone Brook,2Story,Yes,TA
1262.0,3.0,3,49,Urban,79.55,4261,3,4,0,0,431,0,Industrial District,1Story,No,Fa
4103.0,4.0,3,7,Suburban,211.73,16990,7,8,1,314,1485,0,Sawyer,2Story,Yes,TA
2330.0,3.0,2,5,Urban,157.39,6408,7,6,0,0,1138,1,Iowa State Area,1Story,Yes,TA
,3.0,3,47,Suburban,149.82,5107,4,4,2,937,721,1,Mitchell,SLvl,No,Fa
2503.0,6.0,4,49,Urban,172.31,7751,5,4,2,811,1242,1,West Side,1Story,Yes,Fa
4021.0,1.0,5,8,Suburban,173.22,12696,7,7,1,228,1941,1,Sawyer,2Story,Yes,TA
4984.0,5.0,4,20,Rural,181.64,27708,7,7,2,1127,2178,1,Veenker,1Story,No,Fa
4078.0,6.0,4,31,Urban,278.9,10173,6,8,2,819,0,0,University Heights,2Story,Yes,TA
4691.0,4.0,5,9,Rural,188.97,29703,6,6,2,535,1285,0,Veenker,2Story,Yes,TA
4757.0,3.0,3,16,Rural,149.24,24823,6,5,1,415,2300,1,Greens,2Story,Yes,TA
905.0,1.0,5,20,Rural,33.16,4237,3,6,1,461,346,0,Bluestem,1Story,Yes,Po
1640.0,5.0,2,32,Urban,141.55,4622,5,6,2,911,410,0,Oak Park,SLvl,Yes,Fa
3748.0,3.0,1,15,Suburban,184.57,12847,6,6,1,257,0,0,Sawyer,2Story,Yes,TA
3155.0,1.0,3,21,Downtown,253.42,5238,7,8,1,560,1289,1,Old Town,2Story,Yes,TA
725.0,3.0,1,14,Urban,70.14,1465,3,5,1,378,0,0,Industrial District,1Story,No,Fa
927.0,6.0,1,38,Rural,40.41,5767,2,5,1,343,386,0,Edwards,1Story,No,Po
2842.0,2.0,5,7,Suburban,144.98,11586,7,6,1,307,1139,1,Sawyer,SLvl,Yes,TA
3272.0,2.0,4,11,Suburban,157.12,9155,6,9,0,0,1420,0,Mitchell,SLvl,Yes,TA
1254.0,5.0,2,12,Urban,99.34,2933,5,9,1,288,459,1,Industrial District,1Story,Yes,TA
1270.0,2.0,5,46,Suburban,65.02,3832,3,3,1,215,372,0,NW Ames,1Story,Yes,Po
1082.0,6.0,1,48,Suburban,76.82,3061,3,3,0,0,352,0,SW Ames,1Story,Yes,Po
3042.0,6.0,2,25,Urban,221.08,10594,7,7,2,455,881,1,Iowa State Area,1Story,No,TA
535.0,6.0,4,7,Rural,40.59,3000,3,6,1,394,0,0,Brookside,1Story,No,Po
3075.0,6.0,2,38,Urban,178.64,9739,5,5,1,325,1096,1,Iowa State Area,2Story,Yes,TA
2641.0,2.0,4,25,Urban,199.58,5799,5,6,1,430,1154,0,West Side,2Story,Yes,TA
2596.0,2.0,5,43,Suburban,122.44,11611,6,2,1,402,1221,1,SW Ames,SLvl,Yes,TA
3556.0,3.0,1,18,Rural,102.55,26289,4,6,0,0,0,1,North Ames,1Story,Yes,TA
2851.0,3.0,1,50,Urban,159.95,7961,7,3,2,746,1150,1,Oak Park,2Story,Yes,TA
3774.0,6.0,5,41,Urban,224.71,9719,6,4,2,867,1313,0,Oak Park,1Story,Yes,Fa
3937.0,5.0,3,11,Downtown,384.95,5836,7,9,2,718,1633,1,Central Business,1Story,Yes,Gd
4640.0,4.0,3,37,Rural,138.57,26287,6,3,2,892,0,0,Veenker,2Story,Yes,TA
4096.0,6.0,3,14,Urban,324.03,13831,8,8,2,730,1411,2,University Heights,2Story,No,Ex
2829.0,4.0,3,17,Suburban,148.26,13776,7,6,1,331,1216,0,Mitchell,1Story,Yes,TA
2714.0,3.0,4,12,Rural,108.25,22399,6,6,0,0,1159,0,Bluestem,1Story,Yes,TA
1560.0,3.0,3,34,Downtown,140.31,1842,5,6,2,871,517,0,East End,2Story,No,Fa
3198.0,4.0,1,13,Suburban,170.65,14724,6,7,2,975,820,1,Somerset,2Story,Yes,Fa
1126.0,1.0,4,32,Suburban,60.21,5806,4,5,1,243,508,0,Meadow Village,SLvl,Yes,Fa
4690.0,5.0,4,29,Suburban,245.33,14736,6,7,3,1176,0,2,Sawyer,2Story,Yes,TA
4302.0,4.0,1,38,Urban,268.5,8029,6,4,2,801,1565,2,University Heights,2Story,No,Gd
1038.0,5.0,2,50,Urban,81.78,3163,3,3,1,475,488,0,East Urban,1Story,Yes,Fa
4036.0,4.0,4,0,Urban,330.31,11121,7,7,3,1159,1962,2,College View,2Story,Yes,Gd
1026.0,5.0,4,50,Suburban,63.19,5027,3,2,1,402,344,0,SW Ames,SLvl,Yes,Fa
3745.0,6.0,1,5,Suburban,195.17,11354,6,9,1,281,0,1,Somerset,2Story,Yes,TA
894.0,4.0,1,26,Downtown,93.12,1685,4,7,0,0,353,0,East End,1.5Unf,No,TA
2696.0,3.0,3,17,Urban,188.51,5669,6,5,1,480,822,0,West Side,1Story,No,TA
3460.0,1.0,3,32,Rural,96.09,16910,6,3,0,0,1429,0,North Ames,SLvl,Yes,TA
3779.0,5.0,5,36,Downtown,333.09,4620,7,6,3,1088,945,2,Downtown Historic,1Story,Yes,TA
2383.0,6.0,3,43,Urban,172.25,7567,5,5,1,301,0,1,Iowa State Area,SLvl,Yes,Fa
4647.0,5.0,5,20,Suburban,198.64,20584,6,7,0,0,1433,0,Somerset,2Story,Yes,TA
3984.0,6.0,2,47,Urban,258.39,10619,5,4,2,858,1034,1,West Side,2Story,Yes,Gd
1437.0,6.0,3,16,Urban,120.31,3417,5,6,1,487,714,0,Industrial District,1Story,Yes,TA
3520.0,5.0,1,10,Urban,195.99,11564,6,7,2,724,981,0,West Side,1Story,Yes,Fa
3787.0,4.0,3,19,Urban,252.76,9228,8,6,2,627,1628,0,Oak Park,2Story,Yes,TA
2001.0,1.0,1,26,Suburban,88.39,9669,4,3,1,378,0,0,Meadow Village,SLvl,Yes,Fa
3822.0,1.0,3,34,Suburban,173.78,14631,5,5,2,883,975,0,Sawyer,2Story,Yes,TA
4542.0,2.0,2,42,Suburban,205.89,16636,7,3,1,320,1200,1,Sawyer,2Story,No,TA
4177.0,3.0,1,11,,259.6,10692,7,7,1,321,1495,0,Oak Park,2Story,Yes,TA
3931.0,5.0,1,15,Suburban,166.99,13608,6,9,1,372,1490,1,Sawyer,2Story,Yes,Fa
3355.0,3.0,3,47,Urban,243.92,10261,6,5,3,833,1628,0,West Side,1Story,No,TA
1717.0,1.0,5,22,Suburban,78.96,6863,4,5,1,405,0,1,SW Ames,1Story,Yes,TA
4078.0,2.0,1,12,Urban,258.28,8794,6,8,2,704,1381,1,Oak Park,1Story,No,TA
2138.0,6.0,3,50,Suburban,110.45,10803,5,4,1,453,755,0,SW Ames,2Story,Yes,TA
2894.0,6.0,2,22,Urban,210.77,7009,7,6,1,295,1050,0,Oak Park,SFoyer,No,TA
1914.0,3.0,5,50,Urban,122.88,5170,6,4,1,405,0,0,Industrial District,1Story,No,Fa
1908.0,5.0,3,46,Urban,146.98,6366,4,6,1,300,0,1,Oak Park,1Story,No,Fa
1209.0,5.0,5,46,Downtown,138.9,2062,4,2,0,0,472,0,East End,2Story,Yes,TA
4825.0,6.0,2,29,Urban,299.81,9431,7,6,2,730,1448,2,Cedar Rapids,1Story,Yes,Gd
1165.0,6.0,1,40,Suburban,66.35,6011,2,3,1,423,351,0,NW Ames,1Story,Yes,Po
888.0,4.0,3,48,Suburban,56.28,3845,3,4,1,307,0,0,NW Ames,SLvl,Yes,Po
4712.0,3.0,4,13,Downtown,330.44,6605,7,6,2,961,1715,2,Central Business,2Story,No,TA
2997.0,4.0,5,1,Rural,116.45,14340,6,7,1,361,0,0,Edwards,SLvl,No,TA
2470.0,2.0,5,16,Suburban,161.59,11787,5,6,1,373,854,1,Sawyer,SLvl,No,TA
3818.0,3.0,5,32,Rural,139.86,25979,6,6,2,814,0,0,Greens,2Story,Yes,Fa
2224.0,4.0,4,27,Suburban,130.86,9072,5,6,2,704,800,1,NW Ames,1Story,Yes,Fa
1075.0,4.0,2,4,Suburban,74.27,5416,3,5,1,433,394,0,Meadow Village,1Story,Yes,Po
3783.0,4.0,3,28,Suburban,148.01,17998,4,5,2,743,0,1,Somerset,2Story,Yes,Fa
1291.0,3.0,1,8,Suburban,63.3,3955,4,6,0,0,591,1,NW Ames,1.5Fin,Yes,Po
2988.0,3.0,3,25,Rural,109.29,16462,6,4,2,690,835,0,Bluestem,2Story,Yes,TA
4770.0,1.0,2,29,Downtown,311.77,6253,8,5,3,1328,1554,1,Downtown Historic,1Story,Yes,Gd
4712.0,4.0,1,32,Urban,265.36,14381,6,5,2,705,2109,1,College View,2Story,Yes,TA
2123.0,4.0,2,21,Downtown,184.9,2304,5,9,2,634,794,1,East End,2Story,Yes,TA
4011.0,6.0,3,20,Rural,123.98,26447,6,6,0,0,1414,0,North Ames,SLvl,No,TA
3257.0,4.0,2,34,Urban,182.2,10046,5,3,1,462,925,0,Oak Park,SLvl,Yes,Fa
2657.0,3.0,5,38,Suburban,133.24,13264,5,4,1,350,701,0,Somerset,1Story,Yes,TA
,1.0,3,41,Suburban,45.05,2000,4,5,1,359,378,0,SW Ames,1Story,Yes,Fa
2193.0,2.0,5,17,Rural,71.59,16775,5,8,2,717,0,0,Edwards,1Story,No,Po
3433.0,3.0,4,21,Urban,207.76,6672,6,4,2,785,1693,1,Oak Park,2Story,No,TA
4939.0,3.0,1,16,Suburban,234.94,24258,6,4,2,919,1662,1,Somerset,2Story,Yes,TA
522.0,3.0,2,26,Rural,24.59,3000,2,7,1,343,132,0,Brookside,1.5Unf,Yes,Po
3729.0,3.0,4,6,Downtown,305.87,5471,7,8,3,1064,962,2,Downtown Historic,2Story,Yes,TA
4308.0,5.0,3,21,Suburban,226.96,20596,6,5,1,453,0,0,Somerset,SLvl,Yes,Gd
4780.0,1.0,2,9,Urban,276.97,9619,7,8,3,701,0,1,Cedar Rapids,1Story,Yes,TA
2407.0,2.0,3,27,Suburban,111.0,7870,5,2,0,0,929,1,NW Ames,1Story,Yes,Po
1033.0,1.0,5,43,Suburban,54.35,4732,3,4,2,706,358,1,NW Ames,1.5Unf,Yes,Po
1719.0,2.0,2,50,Urban,104.4,5174,5,4,1,423,449,1,East Urban,SLvl,Yes,Fa
4327.0,5.0,1,22,Downtown,340.61,7456,7,8,2,633,1576,1,Central Business,2Story,Yes,Gd
4450.0,1.0,2,2,Downtown,334.98,7915,7,7,2,888,2100,1,Downtown Historic,SLvl,Yes,Gd
3366.0,3.0,5,11,Downtown,266.42,5452,7,7,2,701,1534,0,Downtown Historic,2Story,Yes,TA
1052.0,1.0,4,5,Suburban,57.38,3503,2,6,1,503,367,1,Meadow Village,1.5Unf,Yes,Fa
1048.0,6.0,5,38,Urban,121.1,2468,5,5,0,0,367,1,Industrial District,1.5Unf,Yes,Po
2651.0,5.0,5,50,Urban,196.84,5482,6,3,1,279,996,1,West Side,2Story,Yes,TA
3147.0,2.0,1,28,Suburban,143.96,15976,5,5,2,533,0,0,Somerset,2Story,Yes,Fa
645.0,2.0,2,9,Suburban,44.26,2717,3,5,0,0,240,0,NW Ames,1Story,Yes,Po
3587.0,1.0,1,1,Suburban,160.63,13366,6,8,1,334,0,0,Somerset,1Story,Yes,TA
2950.0,3.0,1,49,Rural,91.18,18114,3,4,1,356,0,0,Edwards,2Story,Yes,Po
555.0,5.0,5,16,Urban,95.57,1891,4,6,0,0,175,0,South Campus,SLvl,Yes,TA
930.0,4.0,5,5,Suburban,86.48,2853,5,7,1,340,0,0,NW Ames,1Story,Yes,TA
2544.0,6.0,1,9,Downtown,236.27,4237,6,5,2,1178,777,0,East End,SLvl,Yes,TA
3751.0,3.0,4,13,Suburban,210.96,15025,7,6,1,312,1691,1,Sawyer,2Story,Yes,TA
4214.0,2.0,3,33,Rural,128.13,28521,4,5,1,283,2099,1,Greens,SLvl,No,Po
2440.0,3.0,1,45,Suburban,114.7,6608,5,7,2,481,1096,0,SW Ames,1Story,Yes,TA
1829.0,2.0,5,14,Suburban,104.65,9108,5,5,1,390,682,0,NW Ames,2Story,Yes,Po
4857.0,6.0,5,35,Suburban,251.46,24962,6,7,2,623,0,1,Sawyer,2Story,No,TA
2563.0,2.0,3,3,,159.8,7020,7,9,1,411,985,1,Oak Park,SFoyer,Yes,TA
1919.0,3.0,4,0,Suburban,120.92,8661,5,8,2,716,481,1,NW Ames,1Story,Yes,Po
2490.0,4.0,2,2,Suburban,173.49,12733,5,9,1,462,1046,1,Sawyer,SLvl,Yes,Fa
554.0,1.0,4,47,Rural,17.16,3972,3,4,1,397,154,0,Edwards,1Story,No,Po
1858.0,3.0,3,29,Urban,129.44,3747,5,6,2,748,765,0,South Campus,1Story,No,Fa
2819.0,3.0,5,41,Downtown,222.35,4666,6,4,2,566,831,1,East End,1Story,Yes,TA
4632.0,2.0,1,1,Suburban,199.55,19797,6,9,1,328,2247,0,Sawyer,2Story,Yes,TA
3822.0,1.0,1,1,Downtown,326.64,5715,7,9,2,767,1771,1,Central Business,SLvl,Yes,TA
4015.0,1.0,5,43,Urban,220.3,12201,7,4,2,955,0,1,West Side,2Story,No,TA
2952.0,1.0,2,5,Urban,171.95,9993,6,6,1,387,863,0,Iowa State Area,1Story,Yes,Fa
997.0,3.0,2,7,Suburban,54.31,5107,3,6,0,0,0,0,NW Ames,1Story,Yes,Po
2259.0,1.0,4,26,Urban,130.52,5736,5,4,0,0,902,0,Industrial District,SFoyer,No,TA
4986.0,6.0,1,30,Urban,263.35,9714,6,5,2,561,1574,2,Cedar Rapids,2Story,No,TA
698.0,2.0,3,11,Downtown,85.33,1455,3,8,1,306,263,0,East End,1Story,No,Po
,4.0,2,22,Rural,179.56,15447,3,5,1,448,0,1,Edwards,1Story,No,TA
3580.0,5.0,1,34,Suburban,165.42,10710,6,5,2,619,1320,0,Sawyer,2Story,No,TA
1777.0,3.0,5,22,Downtown,142.66,3584,6,6,0,0,729,0,Old Town,2Story,Yes,TA
4000.0,6.0,1,19,Downtown,364.71,7854,5,8,2,703,0,2,Downtown Historic,1Story,No,TA
4266.0,1.0,1,3,Suburban,174.05,17235,5,5,1,269,1473,1,Somerset,2Story,Yes,Fa
694.0,2.0,4,23,Urban,71.21,1933,4,5,0,0,282,0,South Campus,1Story,Yes,TA
978.0,2.0,5,40,,55.08,2394,5,4,0,0,472,1,Industrial District,SLvl,Yes,Fa
3495.0,1.0,1,31,Urban,181.41,6451,6,7,1,570,1704,0,Iowa State Area,2Story,No,Fa
4995.0,2.0,4,45,Rural,144.05,28011,5,3,0,0,2002,0,Veenker,SLvl,Yes,Fa
607.0,2.0,3,6,Urban,66.17,1915,4,4,0,0,287,1,Industrial District,SLvl,No,TA
3495.0,5.0,5,0,Suburban,190.36,9340,8,8,1,269,1459,0,Mitchell,2Story,Yes,TA
1114.0,2.0,1,27,Downtown,83.42,1560,3,4,1,443,320,0,Old Town,1Story,Yes,Po
3425.0,6.0,5,9,Rural,127.16,20113,5,5,2,772,1609,1,Greens,2Story,Yes,Fa
3304.0,5.0,4,30,Rural,100.3,21334,5,4,0,0,933,0,Veenker,2Story,Yes,Po
906.0,6.0,5,46,Suburban,78.49,4627,3,3,1,343,362,0,Meadow Village,1Story,Yes,Po
3563.0,1.0,2,17,Urban,171.63,8395,6,6,0,0,1136,0,Oak Park,2Story,Yes,TA
4536.0,6.0,5,28,Urban,298.69,10692,8,3,1,337,1611,0,College View,2Story,Yes,TA
4385.0,4.0,4,34,Suburban,226.3,20266,6,6,2,606,0,0,Mitchell,2Story,Yes,TA
630.0,6.0,1,7,Suburban,65.47,2434,3,8,1,292,0,0,NW Ames,SLvl,Yes,Po
1606.0,3.0,5,45,Urban,123.2,3442,4,5,2,652,466,0,Industrial District,2Story,Yes,Fa
1583.0,6.0,4,10,Urban,150.07,4024,4,5,1,289,0,1,Oak Park,1Story,No,Fa
2539.0,4.0,2,41,Urban,183.3,5069,6,4,2,784,732,1,Iowa State Area,1Story,Yes,TA
1143.0,1.0,3,33,Suburban,57.82,3577,3,5,0,0,0,0,SW Ames,SLvl,Yes,Fa
4344.0,3.0,2,7,Suburban,214.28,17314,6,8,0,0,0,0,Mitchell,2Story,Yes,TA
3995.0,1.0,3,36,Suburban,187.55,15078,8,6,0,0,1707,0,Somerset,2Story,Yes,TA
4137.0,6.0,5,10,Suburban,240.98,21072,7,6,2,883,1252,1,Mitchell,1Story,Yes,TA
1391.0,2.0,5,30,Urban,98.95,3316,4,5,1,328,424,0,South Campus,1Story,Yes,TA
565.0,2.0,2,48,Urban,29.6,1563,3,4,1,312,252,0,East Urban,1.5Unf,No,Po
4597.0,4.0,5,48,Downtown,378.25,7879,8,6,2,570,1670,3,Downtown Historic,1Story,No,Gd
1800.0,3.0,3,44,,93.4,3191,4,5,2,815,827,1,South Campus,1Story,No,TA
3453.0,1.0,4,25,Urban,231.31,10052,6,7,2,797,1060,2,Oak Park,2Story,Yes,TA
4592.0,5.0,4,28,Urban,274.55,9467,7,6,2,540,1509,2,Cedar Rapids,1Story,Yes,Gd
662.0,6.0,3,15,Urban,83.91,2272,3,8,0,0,211,0,Industrial District,1Story,Yes,Po
524.0,5.0,3,46,Urban,64.5,1200,4,4,0,0,191,0,East Urban,1Story,No,Fa
524.0,4.0,3,24,Suburban,47.83,2000,4,4,0,0,0,1,NW Ames,SLvl,No,Po
1203.0,3.0,5,39,Urban,78.42,2285,4,6,0,0,517,0,Industrial District,1Story,Yes,Po
732.0,4.0,2,18,Downtown,95.91,1535,5,7,1,246,201,1,Old Town,SLvl,Yes,Fa
4189.0,4.0,2,37,Suburban,157.91,16739,5,4,1,355,0,0,Mitchell,2Story,Yes,TA
3226.0,1.0,2,11,Urban,174.73,9007,7,6,2,701,1100,1,West Side,2Story,No,TA
4910.0,1.0,1,37,Urban,306.5,9169,7,5,2,871,1543,2,College View,SLvl,No,TA
4106.0,2.0,2,2,Urban,301.03,12574,6,8,3,1088,1067,2,College View,SLvl,Yes,TA
4834.0,3.0,1,5,Suburban,195.74,15557,6,8,1,368,0,0,Sawyer,2Story,Yes,Fa
1573.0,1.0,1,17,Urban,89.67,5225,5,6,1,391,644,1,East Urban,1Story,Yes,TA
1795.0,1.0,4,24,Suburban,87.52,5754,4,7,1,304,753,0,SW Ames,SLvl,No,Po
4322.0,6.0,1,36,Rural,163.5,21614,5,6,0,0,0,0,Veenker,2Story,No,TA
1601.0,3.0,3,18,Suburban,85.15,4414,4,6,0,0,647,1,NW Ames,1Story,Yes,TA
757.0,4.0,4,0,Urban,89.13,1950,5,8,1,395,358,0,South Campus,1.5Unf,Yes,Po
3511.0,4.0,4,16,Suburban,207.99,14614,8,5,1,307,1617,1,Mitchell,2Story,Yes,Gd
4104.0,5.0,3,22,Urban,263.41,7654,6,7,2,923,0,1,College View,2Story,Yes,Gd
4856.0,5.0,1,27,Urban,325.71,15000,7,8,2,792,1493,2,College View,2Story,Yes,Gd
4675.0,2.0,5,32,Suburban,183.1,18072,7,5,1,417,2134,1,Sawyer,2Story,Yes,TA
1041.0,6.0,5,12,Urban,122.4,2777,5,5,0,0,397,0,South Campus,SLvl,Yes,Fa
3974.0,3.0,4,31,Downtown,261.54,6012,7,5,2,818,1345,0,East End,2Story,Yes,TA
4307.0,6.0,1,32,Urban,249.22,10558,6,4,2,887,1341,2,West Side,2Story,No,Gd
3641.0,3.0,1,39,Downtown,289.92,5963,7,4,1,482,1633,1,Downtown Historic,2Story,Yes,TA
4189.0,1.0,2,26,Urban,238.51,8469,6,5,3,1182,1331,1,West Side,1Story,Yes,TA
4270.0,5.0,1,41,Suburban,191.86,13425,6,3,1,417,0,0,Sawyer,2Story,Yes,TA
2509.0,1.0,5,11,Rural,77.35,19619,6,6,1,447,1238,0,Edwards,2Story,No,TA
680.0,5.0,2,36,Downtown,86.06,1390,5,5,0,0,0,0,East End,1.5Unf,Yes,Po
2552.0,1.0,2,2,Suburban,123.27,9322,6,6,1,399,664,0,Meadow Village,2Story,Yes,TA
1408.0,2.0,5,5,Urban,127.89,3131,5,9,0,0,511,0,South Campus,SLvl,Yes,TA
1011.0,4.0,5,44,Downtown,84.35,1745,4,4,0,0,432,0,East End,1Story,No,TA
1062.0,6.0,2,24,Urban,96.77,2618,4,7,1,303,497,0,East Urban,1.5Unf,Yes,TA
3638.0,3.0,2,31,Downtown,282.48,3917,7,5,2,719,1025,0,Downtown Historic,SLvl,Yes,TA
2770.0,1.0,3,30,Urban,161.51,5604,6,6,1,355,1357,0,West Side,1Story,Yes,TA
2929.0,2.0,4,35,Urban,189.78,8796,6,4,2,819,1319,0,West Side,SLvl,Yes,TA
3853.0,6.0,5,12,Urban,289.55,11186,8,8,1,329,1287,0,Cedar Rapids,2Story,Yes,Gd
2967.0,5.0,5,9,Suburban,164.21,8106,6,7,1,276,1098,1,Sawyer,SLvl,Yes,Fa
3335.0,1.0,5,2,Downtown,257.91,4279,8,8,2,1156,1360,1,Old Town,2Story,Yes,TA
887.0,3.0,1,44,Urban,55.94,1911,4,2,1,448,432,0,South Campus,1Story,Yes,Po
4330.0,2.0,2,11,Downtown,366.24,7601,7,6,3,840,2128,2,Downtown Historic,2Story,Yes,TA
2519.0,2.0,3,29,Suburban,109.51,6833,4,6,1,332,933,1,NW Ames,SLvl,Yes,TA
1198.0,6.0,1,23,Urban,108.16,2315,4,4,2,986,434,0,South Campus,1Story,No,Fa
4159.0,4.0,2,8,Suburban,206.72,19912,7,8,2,604,1493,1,Somerset,2Story,No,Gd
3805.0,2.0,1,21,Urban,258.72,7848,6,5,2,824,1648,1,Oak Park,2Story,Yes,TA
738.0,4.0,5,4,Downtown,115.68,1281,4,8,1,340,338,1,Old Town,SLvl,Yes,Fa
1368.0,3.0,1,9,Rural,55.39,7114,3,5,2,632,550,1,Brookside,1Story,No,Fa
570.0,1.0,1,7,Downtown,58.07,800,4,7,0,0,195,1,East End,1Story,Yes,Fa
1718.0,3.0,1,42,Downtown,130.22,2243,5,5,1,471,564,0,Old Town,1.5Fin,No,TA
949.0,2.0,1,28,Downtown,74.04,1716,3,4,1,407,288,0,Old Town,SLvl,Yes,Po
3694.0,2.0,3,47,Rural,103.82,28791,4,4,1,341,1554,0,Veenker,1Story,No,Fa
2851.0,6.0,2,22,Suburban,151.06,13880,5,6,2,724,1390,0,Mitchell,SFoyer,Yes,Fa
4910.0,5.0,5,10,Suburban,272.03,18248,6,6,2,937,1291,2,Northridge Heights,1Story,Yes,TA
3872.0,1.0,2,31,Rural,112.31,27127,6,4,2,717,0,0,North Ames,2Story,Yes,TA
3251.0,6.0,3,47,Downtown,283.9,4113,6,2,1,496,0,0,Central Business,2Story,No,TA
,4.0,4,27,Rural,86.32,10862,5,6,1,432,595,0,Bluestem,2Story,Yes,TA
745.0,6.0,4,0,Urban,98.38,2472,5,5,0,0,0,0,East Urban,1.5Unf,Yes,Po
815.0,5.0,4,15,Suburban,88.93,2196,4,6,1,364,388,0,SW Ames,1Story,Yes,TA
3273.0,3.0,2,47,Urban,190.87,6218,5,4,1,352,975,1,Iowa State Area,1Story,Yes,TA
519.0,4.0,3,26,Urban,58.1,1200,4,6,1,425,206,0,Industrial District,1Story,No,Po
690.0,4.0,5,48,Rural,40.92,3000,3,3,1,383,0,0,Brookside,1Story,Yes,Po
1486.0,5.0,5,25,Downtown,173.78,1843,5,5,1,319,0,0,East End,2Story,No,Fa
4478.0,2.0,4,0,Rural,151.25,29773,6,8,2,701,1173,0,North Ames,1Story,Yes,TA
2565.0,2.0,4,44,Urban,155.54,6380,5,4,1,350,0,0,Iowa State Area,1Story,No,TA
3693.0,2.0,5,38,Suburban,165.96,18592,7,5,1,383,1107,1,Somerset,2Story,No,TA
2352.0,2.0,4,36,Rural,73.55,17953,4,5,0,0,1024,1,Brookside,SLvl,Yes,Fa
1279.0,1.0,5,49,Downtown,86.28,1802,4,2,2,781,480,1,Old Town,1Story,No,Fa
2170.0,1.0,1,10,Rural,64.19,11478,4,7,2,941,1071,1,Edwards,1Story,No,Fa
912.0,6.0,2,46,Suburban,66.87,3347,3,4,1,437,321,0,NW Ames,1Story,Yes,Po
3966.0,1.0,1,11,Suburban,204.08,16777,6,6,1,259,1716,1,Sawyer,2Story,Yes,TA
1325.0,6.0,1,49,Downtown,130.46,1764,4,3,1,460,388,1,East End,1Story,Yes,Po
2193.0,1.0,3,9,Suburban,81.0,9474,5,7,1,373,707,1,NW Ames,2Story,Yes,Fa
4910.0,5.0,2,28,Suburban,231.15,18408,5,5,2,542,1372,0,Mitchell,2Story,Yes,TA
3163.0,2.0,3,40,Urban,239.92,8591,6,5,2,512,1015,2,West Side,SLvl,Yes,TA
2563.0,4.0,3,3,Urban,204.82,6441,8,9,1,246,722,1,West Side,1Story,Yes,TA
2943.0,2.0,4,3,Urban,182.47,6667,6,9,1,396,0,1,Oak Park,SLvl,Yes,Fa
4028.0,3.0,5,43,Rural,133.94,32963,5,2,1,306,0,0,Greens,1Story,No,Po
1645.0,3.0,5,3,Downtown,160.49,3046,6,8,1,330,731,1,Old Town,2Story,No,TA
3363.0,4.0,2,31,Suburban,139.45,10199,5,7,1,340,1657,1,Mitchell,1Story,Yes,Fa
4427.0,3.0,2,47,Rural,124.97,34741,5,4,1,383,1861,1,Greens,SLvl,Yes,TA
3075.0,4.0,4,31,Downtown,263.04,4803,7,7,2,794,1073,1,Central Business,SLvl,No,Gd
2509.0,5.0,1,24,Urban,141.25,8319,5,8,2,585,0,1,Oak Park,SFoyer,Yes,TA
1153.0,3.0,3,21,Suburban,61.66,5520,4,7,0,0,371,0,NW Ames,SLvl,Yes,Fa
1617.0,3.0,3,32,Downtown,142.14,2420,5,5,1,321,689,1,Old Town,1.5Fin,Yes,TA
4757.0,1.0,1,29,Suburban,190.83,12938,5,7,2,806,1634,0,Somerset,2Story,Yes,TA
2935.0,3.0,4,25,Suburban,152.46,9905,6,6,1,229,0,1,Mitchell,SFoyer,Yes,TA
1856.0,1.0,2,7,Suburban,77.87,7611,5,7,1,400,605,0,SW Ames,2Story,Yes,Fa
2382.0,2.0,1,33,Urban,148.23,6809,5,4,2,961,0,0,Iowa State Area,2Story,Yes,TA
,6.0,4,37,Suburban,147.52,10038,4,6,1,370,470,1,Somerset,1.5Fin,Yes,TA
2918.0,1.0,1,36,Suburban,138.78,8844,6,4,2,951,1330,1,Mitchell,1Story,Yes,TA
3648.0,3.0,4,3,Urban,203.83,11714,7,9,2,724,1772,1,West Side,2Story,Yes,TA
1658.0,6.0,1,35,Suburban,86.08,8752,2,5,1,271,0,1,SW Ames,2Story,No,Po
3421.0,6.0,3,37,Rural,123.04,21921,6,3,1,366,1464,1,Greens,2Story,Yes,TA
2492.0,1.0,5,9,Suburban,146.3,7767,5,7,1,360,874,0,Somerset,1Story,Yes,TA
4732.0,1.0,2,43,Urban,270.2,10536,6,2,2,855,2322,1,University Heights,1Story,Yes,TA
1210.0,3.0,4,26,Urban,104.02,2156,4,6,1,410,430,0,Industrial District,1Story,Yes,Fa
1167.0,4.0,4,24,Downtown,131.52,2346,5,7,1,476,402,0,Old Town,1Story,No,Po
2577.0,6.0,5,36,Urban,178.6,5041,6,4,1,325,678,0,Iowa State Area,1Story,Yes,TA
2787.0,2.0,1,26,Downtown,195.42,4613,6,6,0,0,1001,1,East End,SLvl,No,TA
3608.0,1.0,4,27,Rural,95.04,19307,5,8,1,378,1638,1,Veenker,1Story,Yes,Fa
2318.0,2.0,5,15,Urban,141.82,6305,6,6,1,235,0,0,West Side,SFoyer,Yes,TA
4611.0,6.0,4,47,Suburban,236.27,20255,7,3,2,768,1497,0,Sawyer,1Story,No,TA
2633.0,1.0,1,49,Urban,121.37,8431,5,5,0,0,848,1,Industrial District,SFoyer,No,Po
1082.0,3.0,5,6,Urban,109.09,2284,4,9,1,383,468,0,Industrial District,1Story,Yes,Fa
1036.0,1.0,1,37,Urban,46.15,1833,4,4,2,819,284,0,East Urban,SLvl,Yes,Po
4880.0,1.0,3,1,,303.95,9709,7,9,2,590,1407,2,Cedar Rapids,SLvl,Yes,TA
1103.0,6.0,3,18,Suburban,82.41,5575,4,7,1,390,550,1,NW Ames,SLvl,Yes,Po
4765.0,1.0,3,49,Rural,151.55,37502,5,3,0,0,1369,0,North Ames,2Story,No,TA
1751.0,2.0,3,8,Rural,64.33,11748,5,6,1,576,848,1,Edwards,1Story,No,TA
920.0,6.0,1,19,Urban,106.96,2577,4,7,1,324,314,0,Industrial District,1Story,Yes,Fa
1871.0,4.0,3,11,Suburban,101.15,8287,4,8,1,369,0,1,Meadow Village,1Story,Yes,TA
3266.0,1.0,5,37,Downtown,247.8,4031,7,6,2,897,1090,1,East End,2Story,Yes,Gd
2425.0,3.0,3,23,Rural,73.58,19498,4,4,2,633,835,0,Bluestem,2Story,Yes,Po
4035.0,6.0,2,30,Suburban,193.52,15228,6,8,1,375,1692,1,Somerset,2Story,Yes,TA
3249.0,3.0,5,48,Urban,201.48,7864,5,3,0,0,1281,0,Oak Park,1Story,No,TA
2303.0,4.0,1,26,Urban,142.16,6122,4,5,2,739,686,1,Iowa State Area,SFoyer,No,TA
3355.0,4.0,3,37,Downtown,237.75,3688,6,5,2,712,1625,1,East End,2Story,Yes,Gd
4871.0,4.0,3,4,Urban,272.41,9942,8,9,3,922,2026,0,Cedar Rapids,2Story,Yes,TA
2353.0,2.0,3,10,Rural,60.27,17176,5,7,1,455,663,0,Brookside,SFoyer,No,TA
1190.0,6.0,5,48,Suburban,77.54,3427,3,4,2,886,388,0,Meadow Village,1Story,Yes,Po
2339.0,6.0,3,43,Rural,91.79,15749,4,4,1,360,687,1,Brookside,SLvl,Yes,Fa
4280.0,1.0,5,33,Downtown,268.68,5597,7,5,2,551,1087,1,Central Business,SLvl,No,TA
1479.0,5.0,1,19,Suburban,76.72,5466,4,6,2,607,510,1,NW Ames,SLvl,No,Po
4771.0,5.0,4,10,Urban,379.17,10760,7,4,2,945,1864,2,Cedar Rapids,2Story,Yes,Gd
3147.0,5.0,3,43,,147.47,7466,6,4,1,418,1019,1,Iowa State Area,1Story,Yes,TA
3207.0,3.0,2,40,Urban,200.22,9648,6,5,1,431,1500,0,Iowa State Area,2Story,Yes,Fa
1926.0,3.0,2,12,Urban,144.41,4372,5,5,1,402,529,1,West Side,2Story,Yes,TA
4642.0,6.0,4,30,Suburban,250.1,19342,7,6,2,765,0,1,Sawyer,2Story,No,TA
662.0,1.0,4,31,Urban,41.87,1710,4,4,0,0,257,0,South Campus,1Story,Yes,Po
1844.0,5.0,4,24,Urban,147.46,5369,4,8,1,244,519,0,Iowa State Area,1.5Fin,No,Fa
2382.0,6.0,1,47,Suburban,102.86,12272,4,5,1,402,908,0,NW Ames,1Story,Yes,Po
2647.0,5.0,3,6,Downtown,310.77,4815,7,7,2,712,961,0,Downtown Historic,2Story,Yes,TA
2633.0,3.0,5,13,Rural,79.52,13436,4,6,1,465,0,0,Brookside,1Story,Yes,Po
1165.0,4.0,1,4,Suburban,67.22,3196,4,7,0,0,319,0,Meadow Village,1Story,Yes,Po
1515.0,1.0,3,35,Suburban,60.77,5087,4,4,0,0,645,0,NW Ames,1Story,Yes,Fa
928.0,6.0,3,32,Suburban,63.14,3937,3,5,0,0,0,0,SW Ames,1Story,Yes,Fa
3076.0,3.0,5,50,Suburban,167.1,8603,6,3,1,399,886,0,Sawyer,1Story,Yes,TA
2078.0,1.0,2,27,Suburban,112.74,8271,5,4,1,453,871,0,SW Ames,2Story,Yes,Fa
3045.0,5.0,3,7,Rural,105.51,20422,6,8,1,314,1075,0,North Ames,2Story,Yes,TA
3153.0,4.0,4,22,Suburban,141.4,11190,7,6,1,390,1316,1,Mitchell,2Story,Yes,TA
3659.0,4.0,1,4,Urban,186.15,11340,7,6,2,718,1455,0,Iowa State Area,1Story,Yes,TA
2961.0,1.0,5,34,Downtown,221.33,3440,7,6,1,326,0,1,East End,1Story,Yes,TA
3415.0,5.0,5,34,Suburban,173.52,9766,5,4,1,323,0,0,Mitchell,SLvl,Yes,TA
3142.0,4.0,4,43,Downtown,241.33,5701,6,5,2,881,0,1,East End,2Story,Yes,TA
3435.0,5.0,4,17,Urban,248.79,8990,6,7,2,547,0,1,Oak Park,2Story,Yes,Gd
3274.0,5.0,4,15,Downtown,305.81,5804,9,7,3,1454,1328,2,Downtown Historic,SLvl,Yes,Gd
1922.0,2.0,4,3,Suburban,109.47,7336,5,8,0,0,894,0,SW Ames,SLvl,Yes,TA
1608.0,2.0,5,21,Urban,116.18,3507,5,5,1,464,796,0,East Urban,1Story,No,TA
4043.0,6.0,3,24,Suburban,185.06,19563,6,5,2,801,1813,0,Mitchell,2Story,Yes,Fa
2042.0,4.0,3,38,Suburban,114.0,9774,4,4,1,296,604,0,NW Ames,1Story,Yes,Po
2971.0,3.0,4,38,Suburban,143.68,13393,6,4,1,365,0,0,Mitchell,2Story,Yes,TA
1386.0,2.0,1,7,Urban,103.5,3086,4,7,1,340,630,0,Industrial District,2Story,No,TA
2441.0,4.0,5,14,Suburban,150.5,10325,6,5,2,813,1011,0,Mitchell,SLvl,Yes,TA
2883.0,5.0,4,26,Suburban,133.93,10437,5,5,2,720,1161,1,Mitchell,SLvl,Yes,Fa
3317.0,1.0,4,17,Urban,175.42,6336,6,6,2,735,1113,0,Iowa State Area,SLvl,Yes,TA
2868.0,4.0,2,1,Suburban,139.86,14627,5,7,2,671,767,1,Somerset,2Story,Yes,TA
2122.0,6.0,2,43,Urban,139.34,4222,5,4,1,353,807,0,Oak Park,SLvl,No,TA
4827.0,2.0,3,37,Rural,152.16,39538,5,4,2,461,0,0,Veenker,2Story,No,TA
2807.0,2.0,4,26,Downtown,232.79,4262,6,6,1,307,998,1,East End,SLvl,Yes,TA
